date_key,full_date,year,month,month_name,day,day_of_week_num,day_name,is_weekend,quarter
1,2016-01-01 00:00:00+05:30,2016,1,January  ,1,5,Friday   ,f,1
2,2016-01-02 00:00:00+05:30,2016,1,January  ,2,6,Saturday ,t,1
3,2016-01-03 00:00:00+05:30,2016,1,January  ,3,0,Sunday   ,t,1
4,2016-01-04 00:00:00+05:30,2016,1,January  ,4,1,Monday   ,f,1
5,2016-01-05 00:00:00+05:30,2016,1,January  ,5,2,Tuesday  ,f,1
6,2016-01-06 00:00:00+05:30,2016,1,January  ,6,3,Wednesday,f,1
7,2016-01-07 00:00:00+05:30,2016,1,January  ,7,4,Thursday ,f,1
8,2016-01-08 00:00:00+05:30,2016,1,January  ,8,5,Friday   ,f,1
9,2016-01-09 00:00:00+05:30,2016,1,January  ,9,6,Saturday ,t,1
10,2016-01-10 00:00:00+05:30,2016,1,January  ,10,0,Sunday   ,t,1
11,2016-01-11 00:00:00+05:30,2016,1,January  ,11,1,Monday   ,f,1
12,2016-01-12 00:00:00+05:30,2016,1,January  ,12,2,Tuesday  ,f,1
13,2016-01-13 00:00:00+05:30,2016,1,January  ,13,3,Wednesday,f,1
14,2016-01-14 00:00:00+05:30,2016,1,January  ,14,4,Thursday ,f,1
15,2016-01-15 00:00:00+05:30,2016,1,January  ,15,5,Friday   ,f,1
16,2016-01-16 00:00:00+05:30,2016,1,January  ,16,6,Saturday ,t,1
17,2016-01-17 00:00:00+05:30,2016,1,January  ,17,0,Sunday   ,t,1
18,2016-01-18 00:00:00+05:30,2016,1,January  ,18,1,Monday   ,f,1
19,2016-01-19 00:00:00+05:30,2016,1,January  ,19,2,Tuesday  ,f,1
20,2016-01-20 00:00:00+05:30,2016,1,January  ,20,3,Wednesday,f,1
21,2016-01-21 00:00:00+05:30,2016,1,January  ,21,4,Thursday ,f,1
22,2016-01-22 00:00:00+05:30,2016,1,January  ,22,5,Friday   ,f,1
23,2016-01-23 00:00:00+05:30,2016,1,January  ,23,6,Saturday ,t,1
24,2016-01-24 00:00:00+05:30,2016,1,January  ,24,0,Sunday   ,t,1
25,2016-01-25 00:00:00+05:30,2016,1,January  ,25,1,Monday   ,f,1
26,2016-01-26 00:00:00+05:30,2016,1,January  ,26,2,Tuesday  ,f,1
27,2016-01-27 00:00:00+05:30,2016,1,January  ,27,3,Wednesday,f,1
28,2016-01-28 00:00:00+05:30,2016,1,January  ,28,4,Thursday ,f,1
29,2016-01-29 00:00:00+05:30,2016,1,January  ,29,5,Friday   ,f,1
30,2016-01-30 00:00:00+05:30,2016,1,January  ,30,6,Saturday ,t,1
31,2016-01-31 00:00:00+05:30,2016,1,January  ,31,0,Sunday   ,t,1
32,2016-02-01 00:00:00+05:30,2016,2,February ,1,1,Monday   ,f,1
33,2016-02-02 00:00:00+05:30,2016,2,February ,2,2,Tuesday  ,f,1
34,2016-02-03 00:00:00+05:30,2016,2,February ,3,3,Wednesday,f,1
35,2016-02-04 00:00:00+05:30,2016,2,February ,4,4,Thursday ,f,1
36,2016-02-05 00:00:00+05:30,2016,2,February ,5,5,Friday   ,f,1
37,2016-02-06 00:00:00+05:30,2016,2,February ,6,6,Saturday ,t,1
38,2016-02-07 00:00:00+05:30,2016,2,February ,7,0,Sunday   ,t,1
39,2016-02-08 00:00:00+05:30,2016,2,February ,8,1,Monday   ,f,1
40,2016-02-09 00:00:00+05:30,2016,2,February ,9,2,Tuesday  ,f,1
41,2016-02-10 00:00:00+05:30,2016,2,February ,10,3,Wednesday,f,1
42,2016-02-11 00:00:00+05:30,2016,2,February ,11,4,Thursday ,f,1
43,2016-02-12 00:00:00+05:30,2016,2,February ,12,5,Friday   ,f,1
44,2016-02-13 00:00:00+05:30,2016,2,February ,13,6,Saturday ,t,1
45,2016-02-14 00:00:00+05:30,2016,2,February ,14,0,Sunday   ,t,1
46,2016-02-15 00:00:00+05:30,2016,2,February ,15,1,Monday   ,f,1
47,2016-02-16 00:00:00+05:30,2016,2,February ,16,2,Tuesday  ,f,1
48,2016-02-17 00:00:00+05:30,2016,2,February ,17,3,Wednesday,f,1
49,2016-02-18 00:00:00+05:30,2016,2,February ,18,4,Thursday ,f,1
50,2016-02-19 00:00:00+05:30,2016,2,February ,19,5,Friday   ,f,1
51,2016-02-20 00:00:00+05:30,2016,2,February ,20,6,Saturday ,t,1
52,2016-02-21 00:00:00+05:30,2016,2,February ,21,0,Sunday   ,t,1
53,2016-02-22 00:00:00+05:30,2016,2,February ,22,1,Monday   ,f,1
54,2016-02-23 00:00:00+05:30,2016,2,February ,23,2,Tuesday  ,f,1
55,2016-02-24 00:00:00+05:30,2016,2,February ,24,3,Wednesday,f,1
56,2016-02-25 00:00:00+05:30,2016,2,February ,25,4,Thursday ,f,1
57,2016-02-26 00:00:00+05:30,2016,2,February ,26,5,Friday   ,f,1
58,2016-02-27 00:00:00+05:30,2016,2,February ,27,6,Saturday ,t,1
59,2016-02-28 00:00:00+05:30,2016,2,February ,28,0,Sunday   ,t,1
60,2016-02-29 00:00:00+05:30,2016,2,February ,29,1,Monday   ,f,1
61,2016-03-01 00:00:00+05:30,2016,3,March    ,1,2,Tuesday  ,f,1
62,2016-03-02 00:00:00+05:30,2016,3,March    ,2,3,Wednesday,f,1
63,2016-03-03 00:00:00+05:30,2016,3,March    ,3,4,Thursday ,f,1
64,2016-03-04 00:00:00+05:30,2016,3,March    ,4,5,Friday   ,f,1
65,2016-03-05 00:00:00+05:30,2016,3,March    ,5,6,Saturday ,t,1
66,2016-03-06 00:00:00+05:30,2016,3,March    ,6,0,Sunday   ,t,1
67,2016-03-07 00:00:00+05:30,2016,3,March    ,7,1,Monday   ,f,1
68,2016-03-08 00:00:00+05:30,2016,3,March    ,8,2,Tuesday  ,f,1
69,2016-03-09 00:00:00+05:30,2016,3,March    ,9,3,Wednesday,f,1
70,2016-03-10 00:00:00+05:30,2016,3,March    ,10,4,Thursday ,f,1
71,2016-03-11 00:00:00+05:30,2016,3,March    ,11,5,Friday   ,f,1
72,2016-03-12 00:00:00+05:30,2016,3,March    ,12,6,Saturday ,t,1
73,2016-03-13 00:00:00+05:30,2016,3,March    ,13,0,Sunday   ,t,1
74,2016-03-14 00:00:00+05:30,2016,3,March    ,14,1,Monday   ,f,1
75,2016-03-15 00:00:00+05:30,2016,3,March    ,15,2,Tuesday  ,f,1
76,2016-03-16 00:00:00+05:30,2016,3,March    ,16,3,Wednesday,f,1
77,2016-03-17 00:00:00+05:30,2016,3,March    ,17,4,Thursday ,f,1
78,2016-03-18 00:00:00+05:30,2016,3,March    ,18,5,Friday   ,f,1
79,2016-03-19 00:00:00+05:30,2016,3,March    ,19,6,Saturday ,t,1
80,2016-03-20 00:00:00+05:30,2016,3,March    ,20,0,Sunday   ,t,1
81,2016-03-21 00:00:00+05:30,2016,3,March    ,21,1,Monday   ,f,1
82,2016-03-22 00:00:00+05:30,2016,3,March    ,22,2,Tuesday  ,f,1
83,2016-03-23 00:00:00+05:30,2016,3,March    ,23,3,Wednesday,f,1
84,2016-03-24 00:00:00+05:30,2016,3,March    ,24,4,Thursday ,f,1
85,2016-03-25 00:00:00+05:30,2016,3,March    ,25,5,Friday   ,f,1
86,2016-03-26 00:00:00+05:30,2016,3,March    ,26,6,Saturday ,t,1
87,2016-03-27 00:00:00+05:30,2016,3,March    ,27,0,Sunday   ,t,1
88,2016-03-28 00:00:00+05:30,2016,3,March    ,28,1,Monday   ,f,1
89,2016-03-29 00:00:00+05:30,2016,3,March    ,29,2,Tuesday  ,f,1
90,2016-03-30 00:00:00+05:30,2016,3,March    ,30,3,Wednesday,f,1
91,2016-03-31 00:00:00+05:30,2016,3,March    ,31,4,Thursday ,f,1
92,2016-04-01 00:00:00+05:30,2016,4,April    ,1,5,Friday   ,f,2
93,2016-04-02 00:00:00+05:30,2016,4,April    ,2,6,Saturday ,t,2
94,2016-04-03 00:00:00+05:30,2016,4,April    ,3,0,Sunday   ,t,2
95,2016-04-04 00:00:00+05:30,2016,4,April    ,4,1,Monday   ,f,2
96,2016-04-05 00:00:00+05:30,2016,4,April    ,5,2,Tuesday  ,f,2
97,2016-04-06 00:00:00+05:30,2016,4,April    ,6,3,Wednesday,f,2
98,2016-04-07 00:00:00+05:30,2016,4,April    ,7,4,Thursday ,f,2
99,2016-04-08 00:00:00+05:30,2016,4,April    ,8,5,Friday   ,f,2
100,2016-04-09 00:00:00+05:30,2016,4,April    ,9,6,Saturday ,t,2
101,2016-04-10 00:00:00+05:30,2016,4,April    ,10,0,Sunday   ,t,2
102,2016-04-11 00:00:00+05:30,2016,4,April    ,11,1,Monday   ,f,2
103,2016-04-12 00:00:00+05:30,2016,4,April    ,12,2,Tuesday  ,f,2
104,2016-04-13 00:00:00+05:30,2016,4,April    ,13,3,Wednesday,f,2
105,2016-04-14 00:00:00+05:30,2016,4,April    ,14,4,Thursday ,f,2
106,2016-04-15 00:00:00+05:30,2016,4,April    ,15,5,Friday   ,f,2
107,2016-04-16 00:00:00+05:30,2016,4,April    ,16,6,Saturday ,t,2
108,2016-04-17 00:00:00+05:30,2016,4,April    ,17,0,Sunday   ,t,2
109,2016-04-18 00:00:00+05:30,2016,4,April    ,18,1,Monday   ,f,2
110,2016-04-19 00:00:00+05:30,2016,4,April    ,19,2,Tuesday  ,f,2
111,2016-04-20 00:00:00+05:30,2016,4,April    ,20,3,Wednesday,f,2
112,2016-04-21 00:00:00+05:30,2016,4,April    ,21,4,Thursday ,f,2
113,2016-04-22 00:00:00+05:30,2016,4,April    ,22,5,Friday   ,f,2
114,2016-04-23 00:00:00+05:30,2016,4,April    ,23,6,Saturday ,t,2
115,2016-04-24 00:00:00+05:30,2016,4,April    ,24,0,Sunday   ,t,2
116,2016-04-25 00:00:00+05:30,2016,4,April    ,25,1,Monday   ,f,2
117,2016-04-26 00:00:00+05:30,2016,4,April    ,26,2,Tuesday  ,f,2
118,2016-04-27 00:00:00+05:30,2016,4,April    ,27,3,Wednesday,f,2
119,2016-04-28 00:00:00+05:30,2016,4,April    ,28,4,Thursday ,f,2
120,2016-04-29 00:00:00+05:30,2016,4,April    ,29,5,Friday   ,f,2
121,2016-04-30 00:00:00+05:30,2016,4,April    ,30,6,Saturday ,t,2
122,2016-05-01 00:00:00+05:30,2016,5,May      ,1,0,Sunday   ,t,2
123,2016-05-02 00:00:00+05:30,2016,5,May      ,2,1,Monday   ,f,2
124,2016-05-03 00:00:00+05:30,2016,5,May      ,3,2,Tuesday  ,f,2
125,2016-05-04 00:00:00+05:30,2016,5,May      ,4,3,Wednesday,f,2
126,2016-05-05 00:00:00+05:30,2016,5,May      ,5,4,Thursday ,f,2
127,2016-05-06 00:00:00+05:30,2016,5,May      ,6,5,Friday   ,f,2
128,2016-05-07 00:00:00+05:30,2016,5,May      ,7,6,Saturday ,t,2
129,2016-05-08 00:00:00+05:30,2016,5,May      ,8,0,Sunday   ,t,2
130,2016-05-09 00:00:00+05:30,2016,5,May      ,9,1,Monday   ,f,2
131,2016-05-10 00:00:00+05:30,2016,5,May      ,10,2,Tuesday  ,f,2
132,2016-05-11 00:00:00+05:30,2016,5,May      ,11,3,Wednesday,f,2
133,2016-05-12 00:00:00+05:30,2016,5,May      ,12,4,Thursday ,f,2
134,2016-05-13 00:00:00+05:30,2016,5,May      ,13,5,Friday   ,f,2
135,2016-05-14 00:00:00+05:30,2016,5,May      ,14,6,Saturday ,t,2
136,2016-05-15 00:00:00+05:30,2016,5,May      ,15,0,Sunday   ,t,2
137,2016-05-16 00:00:00+05:30,2016,5,May      ,16,1,Monday   ,f,2
138,2016-05-17 00:00:00+05:30,2016,5,May      ,17,2,Tuesday  ,f,2
139,2016-05-18 00:00:00+05:30,2016,5,May      ,18,3,Wednesday,f,2
140,2016-05-19 00:00:00+05:30,2016,5,May      ,19,4,Thursday ,f,2
141,2016-05-20 00:00:00+05:30,2016,5,May      ,20,5,Friday   ,f,2
142,2016-05-21 00:00:00+05:30,2016,5,May      ,21,6,Saturday ,t,2
143,2016-05-22 00:00:00+05:30,2016,5,May      ,22,0,Sunday   ,t,2
144,2016-05-23 00:00:00+05:30,2016,5,May      ,23,1,Monday   ,f,2
145,2016-05-24 00:00:00+05:30,2016,5,May      ,24,2,Tuesday  ,f,2
146,2016-05-25 00:00:00+05:30,2016,5,May      ,25,3,Wednesday,f,2
147,2016-05-26 00:00:00+05:30,2016,5,May      ,26,4,Thursday ,f,2
148,2016-05-27 00:00:00+05:30,2016,5,May      ,27,5,Friday   ,f,2
149,2016-05-28 00:00:00+05:30,2016,5,May      ,28,6,Saturday ,t,2
150,2016-05-29 00:00:00+05:30,2016,5,May      ,29,0,Sunday   ,t,2
151,2016-05-30 00:00:00+05:30,2016,5,May      ,30,1,Monday   ,f,2
152,2016-05-31 00:00:00+05:30,2016,5,May      ,31,2,Tuesday  ,f,2
153,2016-06-01 00:00:00+05:30,2016,6,June     ,1,3,Wednesday,f,2
154,2016-06-02 00:00:00+05:30,2016,6,June     ,2,4,Thursday ,f,2
155,2016-06-03 00:00:00+05:30,2016,6,June     ,3,5,Friday   ,f,2
156,2016-06-04 00:00:00+05:30,2016,6,June     ,4,6,Saturday ,t,2
157,2016-06-05 00:00:00+05:30,2016,6,June     ,5,0,Sunday   ,t,2
158,2016-06-06 00:00:00+05:30,2016,6,June     ,6,1,Monday   ,f,2
159,2016-06-07 00:00:00+05:30,2016,6,June     ,7,2,Tuesday  ,f,2
160,2016-06-08 00:00:00+05:30,2016,6,June     ,8,3,Wednesday,f,2
161,2016-06-09 00:00:00+05:30,2016,6,June     ,9,4,Thursday ,f,2
162,2016-06-10 00:00:00+05:30,2016,6,June     ,10,5,Friday   ,f,2
163,2016-06-11 00:00:00+05:30,2016,6,June     ,11,6,Saturday ,t,2
164,2016-06-12 00:00:00+05:30,2016,6,June     ,12,0,Sunday   ,t,2
165,2016-06-13 00:00:00+05:30,2016,6,June     ,13,1,Monday   ,f,2
166,2016-06-14 00:00:00+05:30,2016,6,June     ,14,2,Tuesday  ,f,2
167,2016-06-15 00:00:00+05:30,2016,6,June     ,15,3,Wednesday,f,2
168,2016-06-16 00:00:00+05:30,2016,6,June     ,16,4,Thursday ,f,2
169,2016-06-17 00:00:00+05:30,2016,6,June     ,17,5,Friday   ,f,2
170,2016-06-18 00:00:00+05:30,2016,6,June     ,18,6,Saturday ,t,2
171,2016-06-19 00:00:00+05:30,2016,6,June     ,19,0,Sunday   ,t,2
172,2016-06-20 00:00:00+05:30,2016,6,June     ,20,1,Monday   ,f,2
173,2016-06-21 00:00:00+05:30,2016,6,June     ,21,2,Tuesday  ,f,2
174,2016-06-22 00:00:00+05:30,2016,6,June     ,22,3,Wednesday,f,2
175,2016-06-23 00:00:00+05:30,2016,6,June     ,23,4,Thursday ,f,2
176,2016-06-24 00:00:00+05:30,2016,6,June     ,24,5,Friday   ,f,2
177,2016-06-25 00:00:00+05:30,2016,6,June     ,25,6,Saturday ,t,2
178,2016-06-26 00:00:00+05:30,2016,6,June     ,26,0,Sunday   ,t,2
179,2016-06-27 00:00:00+05:30,2016,6,June     ,27,1,Monday   ,f,2
180,2016-06-28 00:00:00+05:30,2016,6,June     ,28,2,Tuesday  ,f,2
181,2016-06-29 00:00:00+05:30,2016,6,June     ,29,3,Wednesday,f,2
182,2016-06-30 00:00:00+05:30,2016,6,June     ,30,4,Thursday ,f,2
183,2016-07-01 00:00:00+05:30,2016,7,July     ,1,5,Friday   ,f,3
184,2016-07-02 00:00:00+05:30,2016,7,July     ,2,6,Saturday ,t,3
185,2016-07-03 00:00:00+05:30,2016,7,July     ,3,0,Sunday   ,t,3
186,2016-07-04 00:00:00+05:30,2016,7,July     ,4,1,Monday   ,f,3
187,2016-07-05 00:00:00+05:30,2016,7,July     ,5,2,Tuesday  ,f,3
188,2016-07-06 00:00:00+05:30,2016,7,July     ,6,3,Wednesday,f,3
189,2016-07-07 00:00:00+05:30,2016,7,July     ,7,4,Thursday ,f,3
190,2016-07-08 00:00:00+05:30,2016,7,July     ,8,5,Friday   ,f,3
191,2016-07-09 00:00:00+05:30,2016,7,July     ,9,6,Saturday ,t,3
192,2016-07-10 00:00:00+05:30,2016,7,July     ,10,0,Sunday   ,t,3
193,2016-07-11 00:00:00+05:30,2016,7,July     ,11,1,Monday   ,f,3
194,2016-07-12 00:00:00+05:30,2016,7,July     ,12,2,Tuesday  ,f,3
195,2016-07-13 00:00:00+05:30,2016,7,July     ,13,3,Wednesday,f,3
196,2016-07-14 00:00:00+05:30,2016,7,July     ,14,4,Thursday ,f,3
197,2016-07-15 00:00:00+05:30,2016,7,July     ,15,5,Friday   ,f,3
198,2016-07-16 00:00:00+05:30,2016,7,July     ,16,6,Saturday ,t,3
199,2016-07-17 00:00:00+05:30,2016,7,July     ,17,0,Sunday   ,t,3
200,2016-07-18 00:00:00+05:30,2016,7,July     ,18,1,Monday   ,f,3
201,2016-07-19 00:00:00+05:30,2016,7,July     ,19,2,Tuesday  ,f,3
202,2016-07-20 00:00:00+05:30,2016,7,July     ,20,3,Wednesday,f,3
203,2016-07-21 00:00:00+05:30,2016,7,July     ,21,4,Thursday ,f,3
204,2016-07-22 00:00:00+05:30,2016,7,July     ,22,5,Friday   ,f,3
205,2016-07-23 00:00:00+05:30,2016,7,July     ,23,6,Saturday ,t,3
206,2016-07-24 00:00:00+05:30,2016,7,July     ,24,0,Sunday   ,t,3
207,2016-07-25 00:00:00+05:30,2016,7,July     ,25,1,Monday   ,f,3
208,2016-07-26 00:00:00+05:30,2016,7,July     ,26,2,Tuesday  ,f,3
209,2016-07-27 00:00:00+05:30,2016,7,July     ,27,3,Wednesday,f,3
210,2016-07-28 00:00:00+05:30,2016,7,July     ,28,4,Thursday ,f,3
211,2016-07-29 00:00:00+05:30,2016,7,July     ,29,5,Friday   ,f,3
212,2016-07-30 00:00:00+05:30,2016,7,July     ,30,6,Saturday ,t,3
213,2016-07-31 00:00:00+05:30,2016,7,July     ,31,0,Sunday   ,t,3
214,2016-08-01 00:00:00+05:30,2016,8,August   ,1,1,Monday   ,f,3
215,2016-08-02 00:00:00+05:30,2016,8,August   ,2,2,Tuesday  ,f,3
216,2016-08-03 00:00:00+05:30,2016,8,August   ,3,3,Wednesday,f,3
217,2016-08-04 00:00:00+05:30,2016,8,August   ,4,4,Thursday ,f,3
218,2016-08-05 00:00:00+05:30,2016,8,August   ,5,5,Friday   ,f,3
219,2016-08-06 00:00:00+05:30,2016,8,August   ,6,6,Saturday ,t,3
220,2016-08-07 00:00:00+05:30,2016,8,August   ,7,0,Sunday   ,t,3
221,2016-08-08 00:00:00+05:30,2016,8,August   ,8,1,Monday   ,f,3
222,2016-08-09 00:00:00+05:30,2016,8,August   ,9,2,Tuesday  ,f,3
223,2016-08-10 00:00:00+05:30,2016,8,August   ,10,3,Wednesday,f,3
224,2016-08-11 00:00:00+05:30,2016,8,August   ,11,4,Thursday ,f,3
225,2016-08-12 00:00:00+05:30,2016,8,August   ,12,5,Friday   ,f,3
226,2016-08-13 00:00:00+05:30,2016,8,August   ,13,6,Saturday ,t,3
227,2016-08-14 00:00:00+05:30,2016,8,August   ,14,0,Sunday   ,t,3
228,2016-08-15 00:00:00+05:30,2016,8,August   ,15,1,Monday   ,f,3
229,2016-08-16 00:00:00+05:30,2016,8,August   ,16,2,Tuesday  ,f,3
230,2016-08-17 00:00:00+05:30,2016,8,August   ,17,3,Wednesday,f,3
231,2016-08-18 00:00:00+05:30,2016,8,August   ,18,4,Thursday ,f,3
232,2016-08-19 00:00:00+05:30,2016,8,August   ,19,5,Friday   ,f,3
233,2016-08-20 00:00:00+05:30,2016,8,August   ,20,6,Saturday ,t,3
234,2016-08-21 00:00:00+05:30,2016,8,August   ,21,0,Sunday   ,t,3
235,2016-08-22 00:00:00+05:30,2016,8,August   ,22,1,Monday   ,f,3
236,2016-08-23 00:00:00+05:30,2016,8,August   ,23,2,Tuesday  ,f,3
237,2016-08-24 00:00:00+05:30,2016,8,August   ,24,3,Wednesday,f,3
238,2016-08-25 00:00:00+05:30,2016,8,August   ,25,4,Thursday ,f,3
239,2016-08-26 00:00:00+05:30,2016,8,August   ,26,5,Friday   ,f,3
240,2016-08-27 00:00:00+05:30,2016,8,August   ,27,6,Saturday ,t,3
241,2016-08-28 00:00:00+05:30,2016,8,August   ,28,0,Sunday   ,t,3
242,2016-08-29 00:00:00+05:30,2016,8,August   ,29,1,Monday   ,f,3
243,2016-08-30 00:00:00+05:30,2016,8,August   ,30,2,Tuesday  ,f,3
244,2016-08-31 00:00:00+05:30,2016,8,August   ,31,3,Wednesday,f,3
245,2016-09-01 00:00:00+05:30,2016,9,September,1,4,Thursday ,f,3
246,2016-09-02 00:00:00+05:30,2016,9,September,2,5,Friday   ,f,3
247,2016-09-03 00:00:00+05:30,2016,9,September,3,6,Saturday ,t,3
248,2016-09-04 00:00:00+05:30,2016,9,September,4,0,Sunday   ,t,3
249,2016-09-05 00:00:00+05:30,2016,9,September,5,1,Monday   ,f,3
250,2016-09-06 00:00:00+05:30,2016,9,September,6,2,Tuesday  ,f,3
251,2016-09-07 00:00:00+05:30,2016,9,September,7,3,Wednesday,f,3
252,2016-09-08 00:00:00+05:30,2016,9,September,8,4,Thursday ,f,3
253,2016-09-09 00:00:00+05:30,2016,9,September,9,5,Friday   ,f,3
254,2016-09-10 00:00:00+05:30,2016,9,September,10,6,Saturday ,t,3
255,2016-09-11 00:00:00+05:30,2016,9,September,11,0,Sunday   ,t,3
256,2016-09-12 00:00:00+05:30,2016,9,September,12,1,Monday   ,f,3
257,2016-09-13 00:00:00+05:30,2016,9,September,13,2,Tuesday  ,f,3
258,2016-09-14 00:00:00+05:30,2016,9,September,14,3,Wednesday,f,3
259,2016-09-15 00:00:00+05:30,2016,9,September,15,4,Thursday ,f,3
260,2016-09-16 00:00:00+05:30,2016,9,September,16,5,Friday   ,f,3
261,2016-09-17 00:00:00+05:30,2016,9,September,17,6,Saturday ,t,3
262,2016-09-18 00:00:00+05:30,2016,9,September,18,0,Sunday   ,t,3
263,2016-09-19 00:00:00+05:30,2016,9,September,19,1,Monday   ,f,3
264,2016-09-20 00:00:00+05:30,2016,9,September,20,2,Tuesday  ,f,3
265,2016-09-21 00:00:00+05:30,2016,9,September,21,3,Wednesday,f,3
266,2016-09-22 00:00:00+05:30,2016,9,September,22,4,Thursday ,f,3
267,2016-09-23 00:00:00+05:30,2016,9,September,23,5,Friday   ,f,3
268,2016-09-24 00:00:00+05:30,2016,9,September,24,6,Saturday ,t,3
269,2016-09-25 00:00:00+05:30,2016,9,September,25,0,Sunday   ,t,3
270,2016-09-26 00:00:00+05:30,2016,9,September,26,1,Monday   ,f,3
271,2016-09-27 00:00:00+05:30,2016,9,September,27,2,Tuesday  ,f,3
272,2016-09-28 00:00:00+05:30,2016,9,September,28,3,Wednesday,f,3
273,2016-09-29 00:00:00+05:30,2016,9,September,29,4,Thursday ,f,3
274,2016-09-30 00:00:00+05:30,2016,9,September,30,5,Friday   ,f,3
275,2016-10-01 00:00:00+05:30,2016,10,October  ,1,6,Saturday ,t,4
276,2016-10-02 00:00:00+05:30,2016,10,October  ,2,0,Sunday   ,t,4
277,2016-10-03 00:00:00+05:30,2016,10,October  ,3,1,Monday   ,f,4
278,2016-10-04 00:00:00+05:30,2016,10,October  ,4,2,Tuesday  ,f,4
279,2016-10-05 00:00:00+05:30,2016,10,October  ,5,3,Wednesday,f,4
280,2016-10-06 00:00:00+05:30,2016,10,October  ,6,4,Thursday ,f,4
281,2016-10-07 00:00:00+05:30,2016,10,October  ,7,5,Friday   ,f,4
282,2016-10-08 00:00:00+05:30,2016,10,October  ,8,6,Saturday ,t,4
283,2016-10-09 00:00:00+05:30,2016,10,October  ,9,0,Sunday   ,t,4
284,2016-10-10 00:00:00+05:30,2016,10,October  ,10,1,Monday   ,f,4
285,2016-10-11 00:00:00+05:30,2016,10,October  ,11,2,Tuesday  ,f,4
286,2016-10-12 00:00:00+05:30,2016,10,October  ,12,3,Wednesday,f,4
287,2016-10-13 00:00:00+05:30,2016,10,October  ,13,4,Thursday ,f,4
288,2016-10-14 00:00:00+05:30,2016,10,October  ,14,5,Friday   ,f,4
289,2016-10-15 00:00:00+05:30,2016,10,October  ,15,6,Saturday ,t,4
290,2016-10-16 00:00:00+05:30,2016,10,October  ,16,0,Sunday   ,t,4
291,2016-10-17 00:00:00+05:30,2016,10,October  ,17,1,Monday   ,f,4
292,2016-10-18 00:00:00+05:30,2016,10,October  ,18,2,Tuesday  ,f,4
293,2016-10-19 00:00:00+05:30,2016,10,October  ,19,3,Wednesday,f,4
294,2016-10-20 00:00:00+05:30,2016,10,October  ,20,4,Thursday ,f,4
295,2016-10-21 00:00:00+05:30,2016,10,October  ,21,5,Friday   ,f,4
296,2016-10-22 00:00:00+05:30,2016,10,October  ,22,6,Saturday ,t,4
297,2016-10-23 00:00:00+05:30,2016,10,October  ,23,0,Sunday   ,t,4
298,2016-10-24 00:00:00+05:30,2016,10,October  ,24,1,Monday   ,f,4
299,2016-10-25 00:00:00+05:30,2016,10,October  ,25,2,Tuesday  ,f,4
300,2016-10-26 00:00:00+05:30,2016,10,October  ,26,3,Wednesday,f,4
301,2016-10-27 00:00:00+05:30,2016,10,October  ,27,4,Thursday ,f,4
302,2016-10-28 00:00:00+05:30,2016,10,October  ,28,5,Friday   ,f,4
303,2016-10-29 00:00:00+05:30,2016,10,October  ,29,6,Saturday ,t,4
304,2016-10-30 00:00:00+05:30,2016,10,October  ,30,0,Sunday   ,t,4
305,2016-10-31 00:00:00+05:30,2016,10,October  ,31,1,Monday   ,f,4
306,2016-11-01 00:00:00+05:30,2016,11,November ,1,2,Tuesday  ,f,4
307,2016-11-02 00:00:00+05:30,2016,11,November ,2,3,Wednesday,f,4
308,2016-11-03 00:00:00+05:30,2016,11,November ,3,4,Thursday ,f,4
309,2016-11-04 00:00:00+05:30,2016,11,November ,4,5,Friday   ,f,4
310,2016-11-05 00:00:00+05:30,2016,11,November ,5,6,Saturday ,t,4
311,2016-11-06 00:00:00+05:30,2016,11,November ,6,0,Sunday   ,t,4
312,2016-11-07 00:00:00+05:30,2016,11,November ,7,1,Monday   ,f,4
313,2016-11-08 00:00:00+05:30,2016,11,November ,8,2,Tuesday  ,f,4
314,2016-11-09 00:00:00+05:30,2016,11,November ,9,3,Wednesday,f,4
315,2016-11-10 00:00:00+05:30,2016,11,November ,10,4,Thursday ,f,4
316,2016-11-11 00:00:00+05:30,2016,11,November ,11,5,Friday   ,f,4
317,2016-11-12 00:00:00+05:30,2016,11,November ,12,6,Saturday ,t,4
318,2016-11-13 00:00:00+05:30,2016,11,November ,13,0,Sunday   ,t,4
319,2016-11-14 00:00:00+05:30,2016,11,November ,14,1,Monday   ,f,4
320,2016-11-15 00:00:00+05:30,2016,11,November ,15,2,Tuesday  ,f,4
321,2016-11-16 00:00:00+05:30,2016,11,November ,16,3,Wednesday,f,4
322,2016-11-17 00:00:00+05:30,2016,11,November ,17,4,Thursday ,f,4
323,2016-11-18 00:00:00+05:30,2016,11,November ,18,5,Friday   ,f,4
324,2016-11-19 00:00:00+05:30,2016,11,November ,19,6,Saturday ,t,4
325,2016-11-20 00:00:00+05:30,2016,11,November ,20,0,Sunday   ,t,4
326,2016-11-21 00:00:00+05:30,2016,11,November ,21,1,Monday   ,f,4
327,2016-11-22 00:00:00+05:30,2016,11,November ,22,2,Tuesday  ,f,4
328,2016-11-23 00:00:00+05:30,2016,11,November ,23,3,Wednesday,f,4
329,2016-11-24 00:00:00+05:30,2016,11,November ,24,4,Thursday ,f,4
330,2016-11-25 00:00:00+05:30,2016,11,November ,25,5,Friday   ,f,4
331,2016-11-26 00:00:00+05:30,2016,11,November ,26,6,Saturday ,t,4
332,2016-11-27 00:00:00+05:30,2016,11,November ,27,0,Sunday   ,t,4
333,2016-11-28 00:00:00+05:30,2016,11,November ,28,1,Monday   ,f,4
334,2016-11-29 00:00:00+05:30,2016,11,November ,29,2,Tuesday  ,f,4
335,2016-11-30 00:00:00+05:30,2016,11,November ,30,3,Wednesday,f,4
336,2016-12-01 00:00:00+05:30,2016,12,December ,1,4,Thursday ,f,4
337,2016-12-02 00:00:00+05:30,2016,12,December ,2,5,Friday   ,f,4
338,2016-12-03 00:00:00+05:30,2016,12,December ,3,6,Saturday ,t,4
339,2016-12-04 00:00:00+05:30,2016,12,December ,4,0,Sunday   ,t,4
340,2016-12-05 00:00:00+05:30,2016,12,December ,5,1,Monday   ,f,4
341,2016-12-06 00:00:00+05:30,2016,12,December ,6,2,Tuesday  ,f,4
342,2016-12-07 00:00:00+05:30,2016,12,December ,7,3,Wednesday,f,4
343,2016-12-08 00:00:00+05:30,2016,12,December ,8,4,Thursday ,f,4
344,2016-12-09 00:00:00+05:30,2016,12,December ,9,5,Friday   ,f,4
345,2016-12-10 00:00:00+05:30,2016,12,December ,10,6,Saturday ,t,4
346,2016-12-11 00:00:00+05:30,2016,12,December ,11,0,Sunday   ,t,4
347,2016-12-12 00:00:00+05:30,2016,12,December ,12,1,Monday   ,f,4
348,2016-12-13 00:00:00+05:30,2016,12,December ,13,2,Tuesday  ,f,4
349,2016-12-14 00:00:00+05:30,2016,12,December ,14,3,Wednesday,f,4
350,2016-12-15 00:00:00+05:30,2016,12,December ,15,4,Thursday ,f,4
351,2016-12-16 00:00:00+05:30,2016,12,December ,16,5,Friday   ,f,4
352,2016-12-17 00:00:00+05:30,2016,12,December ,17,6,Saturday ,t,4
353,2016-12-18 00:00:00+05:30,2016,12,December ,18,0,Sunday   ,t,4
354,2016-12-19 00:00:00+05:30,2016,12,December ,19,1,Monday   ,f,4
355,2016-12-20 00:00:00+05:30,2016,12,December ,20,2,Tuesday  ,f,4
356,2016-12-21 00:00:00+05:30,2016,12,December ,21,3,Wednesday,f,4
357,2016-12-22 00:00:00+05:30,2016,12,December ,22,4,Thursday ,f,4
358,2016-12-23 00:00:00+05:30,2016,12,December ,23,5,Friday   ,f,4
359,2016-12-24 00:00:00+05:30,2016,12,December ,24,6,Saturday ,t,4
360,2016-12-25 00:00:00+05:30,2016,12,December ,25,0,Sunday   ,t,4
361,2016-12-26 00:00:00+05:30,2016,12,December ,26,1,Monday   ,f,4
362,2016-12-27 00:00:00+05:30,2016,12,December ,27,2,Tuesday  ,f,4
363,2016-12-28 00:00:00+05:30,2016,12,December ,28,3,Wednesday,f,4
364,2016-12-29 00:00:00+05:30,2016,12,December ,29,4,Thursday ,f,4
365,2016-12-30 00:00:00+05:30,2016,12,December ,30,5,Friday   ,f,4
366,2016-12-31 00:00:00+05:30,2016,12,December ,31,6,Saturday ,t,4
367,2017-01-01 00:00:00+05:30,2017,1,January  ,1,0,Sunday   ,t,1
368,2017-01-02 00:00:00+05:30,2017,1,January  ,2,1,Monday   ,f,1
369,2017-01-03 00:00:00+05:30,2017,1,January  ,3,2,Tuesday  ,f,1
370,2017-01-04 00:00:00+05:30,2017,1,January  ,4,3,Wednesday,f,1
371,2017-01-05 00:00:00+05:30,2017,1,January  ,5,4,Thursday ,f,1
372,2017-01-06 00:00:00+05:30,2017,1,January  ,6,5,Friday   ,f,1
373,2017-01-07 00:00:00+05:30,2017,1,January  ,7,6,Saturday ,t,1
374,2017-01-08 00:00:00+05:30,2017,1,January  ,8,0,Sunday   ,t,1
375,2017-01-09 00:00:00+05:30,2017,1,January  ,9,1,Monday   ,f,1
376,2017-01-10 00:00:00+05:30,2017,1,January  ,10,2,Tuesday  ,f,1
377,2017-01-11 00:00:00+05:30,2017,1,January  ,11,3,Wednesday,f,1
378,2017-01-12 00:00:00+05:30,2017,1,January  ,12,4,Thursday ,f,1
379,2017-01-13 00:00:00+05:30,2017,1,January  ,13,5,Friday   ,f,1
380,2017-01-14 00:00:00+05:30,2017,1,January  ,14,6,Saturday ,t,1
381,2017-01-15 00:00:00+05:30,2017,1,January  ,15,0,Sunday   ,t,1
382,2017-01-16 00:00:00+05:30,2017,1,January  ,16,1,Monday   ,f,1
383,2017-01-17 00:00:00+05:30,2017,1,January  ,17,2,Tuesday  ,f,1
384,2017-01-18 00:00:00+05:30,2017,1,January  ,18,3,Wednesday,f,1
385,2017-01-19 00:00:00+05:30,2017,1,January  ,19,4,Thursday ,f,1
386,2017-01-20 00:00:00+05:30,2017,1,January  ,20,5,Friday   ,f,1
387,2017-01-21 00:00:00+05:30,2017,1,January  ,21,6,Saturday ,t,1
388,2017-01-22 00:00:00+05:30,2017,1,January  ,22,0,Sunday   ,t,1
389,2017-01-23 00:00:00+05:30,2017,1,January  ,23,1,Monday   ,f,1
390,2017-01-24 00:00:00+05:30,2017,1,January  ,24,2,Tuesday  ,f,1
391,2017-01-25 00:00:00+05:30,2017,1,January  ,25,3,Wednesday,f,1
392,2017-01-26 00:00:00+05:30,2017,1,January  ,26,4,Thursday ,f,1
393,2017-01-27 00:00:00+05:30,2017,1,January  ,27,5,Friday   ,f,1
394,2017-01-28 00:00:00+05:30,2017,1,January  ,28,6,Saturday ,t,1
395,2017-01-29 00:00:00+05:30,2017,1,January  ,29,0,Sunday   ,t,1
396,2017-01-30 00:00:00+05:30,2017,1,January  ,30,1,Monday   ,f,1
397,2017-01-31 00:00:00+05:30,2017,1,January  ,31,2,Tuesday  ,f,1
398,2017-02-01 00:00:00+05:30,2017,2,February ,1,3,Wednesday,f,1
399,2017-02-02 00:00:00+05:30,2017,2,February ,2,4,Thursday ,f,1
400,2017-02-03 00:00:00+05:30,2017,2,February ,3,5,Friday   ,f,1
401,2017-02-04 00:00:00+05:30,2017,2,February ,4,6,Saturday ,t,1
402,2017-02-05 00:00:00+05:30,2017,2,February ,5,0,Sunday   ,t,1
403,2017-02-06 00:00:00+05:30,2017,2,February ,6,1,Monday   ,f,1
404,2017-02-07 00:00:00+05:30,2017,2,February ,7,2,Tuesday  ,f,1
405,2017-02-08 00:00:00+05:30,2017,2,February ,8,3,Wednesday,f,1
406,2017-02-09 00:00:00+05:30,2017,2,February ,9,4,Thursday ,f,1
407,2017-02-10 00:00:00+05:30,2017,2,February ,10,5,Friday   ,f,1
408,2017-02-11 00:00:00+05:30,2017,2,February ,11,6,Saturday ,t,1
409,2017-02-12 00:00:00+05:30,2017,2,February ,12,0,Sunday   ,t,1
410,2017-02-13 00:00:00+05:30,2017,2,February ,13,1,Monday   ,f,1
411,2017-02-14 00:00:00+05:30,2017,2,February ,14,2,Tuesday  ,f,1
412,2017-02-15 00:00:00+05:30,2017,2,February ,15,3,Wednesday,f,1
413,2017-02-16 00:00:00+05:30,2017,2,February ,16,4,Thursday ,f,1
414,2017-02-17 00:00:00+05:30,2017,2,February ,17,5,Friday   ,f,1
415,2017-02-18 00:00:00+05:30,2017,2,February ,18,6,Saturday ,t,1
416,2017-02-19 00:00:00+05:30,2017,2,February ,19,0,Sunday   ,t,1
417,2017-02-20 00:00:00+05:30,2017,2,February ,20,1,Monday   ,f,1
418,2017-02-21 00:00:00+05:30,2017,2,February ,21,2,Tuesday  ,f,1
419,2017-02-22 00:00:00+05:30,2017,2,February ,22,3,Wednesday,f,1
420,2017-02-23 00:00:00+05:30,2017,2,February ,23,4,Thursday ,f,1
421,2017-02-24 00:00:00+05:30,2017,2,February ,24,5,Friday   ,f,1
422,2017-02-25 00:00:00+05:30,2017,2,February ,25,6,Saturday ,t,1
423,2017-02-26 00:00:00+05:30,2017,2,February ,26,0,Sunday   ,t,1
424,2017-02-27 00:00:00+05:30,2017,2,February ,27,1,Monday   ,f,1
425,2017-02-28 00:00:00+05:30,2017,2,February ,28,2,Tuesday  ,f,1
426,2017-03-01 00:00:00+05:30,2017,3,March    ,1,3,Wednesday,f,1
427,2017-03-02 00:00:00+05:30,2017,3,March    ,2,4,Thursday ,f,1
428,2017-03-03 00:00:00+05:30,2017,3,March    ,3,5,Friday   ,f,1
429,2017-03-04 00:00:00+05:30,2017,3,March    ,4,6,Saturday ,t,1
430,2017-03-05 00:00:00+05:30,2017,3,March    ,5,0,Sunday   ,t,1
431,2017-03-06 00:00:00+05:30,2017,3,March    ,6,1,Monday   ,f,1
432,2017-03-07 00:00:00+05:30,2017,3,March    ,7,2,Tuesday  ,f,1
433,2017-03-08 00:00:00+05:30,2017,3,March    ,8,3,Wednesday,f,1
434,2017-03-09 00:00:00+05:30,2017,3,March    ,9,4,Thursday ,f,1
435,2017-03-10 00:00:00+05:30,2017,3,March    ,10,5,Friday   ,f,1
436,2017-03-11 00:00:00+05:30,2017,3,March    ,11,6,Saturday ,t,1
437,2017-03-12 00:00:00+05:30,2017,3,March    ,12,0,Sunday   ,t,1
438,2017-03-13 00:00:00+05:30,2017,3,March    ,13,1,Monday   ,f,1
439,2017-03-14 00:00:00+05:30,2017,3,March    ,14,2,Tuesday  ,f,1
440,2017-03-15 00:00:00+05:30,2017,3,March    ,15,3,Wednesday,f,1
441,2017-03-16 00:00:00+05:30,2017,3,March    ,16,4,Thursday ,f,1
442,2017-03-17 00:00:00+05:30,2017,3,March    ,17,5,Friday   ,f,1
443,2017-03-18 00:00:00+05:30,2017,3,March    ,18,6,Saturday ,t,1
444,2017-03-19 00:00:00+05:30,2017,3,March    ,19,0,Sunday   ,t,1
445,2017-03-20 00:00:00+05:30,2017,3,March    ,20,1,Monday   ,f,1
446,2017-03-21 00:00:00+05:30,2017,3,March    ,21,2,Tuesday  ,f,1
447,2017-03-22 00:00:00+05:30,2017,3,March    ,22,3,Wednesday,f,1
448,2017-03-23 00:00:00+05:30,2017,3,March    ,23,4,Thursday ,f,1
449,2017-03-24 00:00:00+05:30,2017,3,March    ,24,5,Friday   ,f,1
450,2017-03-25 00:00:00+05:30,2017,3,March    ,25,6,Saturday ,t,1
451,2017-03-26 00:00:00+05:30,2017,3,March    ,26,0,Sunday   ,t,1
452,2017-03-27 00:00:00+05:30,2017,3,March    ,27,1,Monday   ,f,1
453,2017-03-28 00:00:00+05:30,2017,3,March    ,28,2,Tuesday  ,f,1
454,2017-03-29 00:00:00+05:30,2017,3,March    ,29,3,Wednesday,f,1
455,2017-03-30 00:00:00+05:30,2017,3,March    ,30,4,Thursday ,f,1
456,2017-03-31 00:00:00+05:30,2017,3,March    ,31,5,Friday   ,f,1
457,2017-04-01 00:00:00+05:30,2017,4,April    ,1,6,Saturday ,t,2
458,2017-04-02 00:00:00+05:30,2017,4,April    ,2,0,Sunday   ,t,2
459,2017-04-03 00:00:00+05:30,2017,4,April    ,3,1,Monday   ,f,2
460,2017-04-04 00:00:00+05:30,2017,4,April    ,4,2,Tuesday  ,f,2
461,2017-04-05 00:00:00+05:30,2017,4,April    ,5,3,Wednesday,f,2
462,2017-04-06 00:00:00+05:30,2017,4,April    ,6,4,Thursday ,f,2
463,2017-04-07 00:00:00+05:30,2017,4,April    ,7,5,Friday   ,f,2
464,2017-04-08 00:00:00+05:30,2017,4,April    ,8,6,Saturday ,t,2
465,2017-04-09 00:00:00+05:30,2017,4,April    ,9,0,Sunday   ,t,2
466,2017-04-10 00:00:00+05:30,2017,4,April    ,10,1,Monday   ,f,2
467,2017-04-11 00:00:00+05:30,2017,4,April    ,11,2,Tuesday  ,f,2
468,2017-04-12 00:00:00+05:30,2017,4,April    ,12,3,Wednesday,f,2
469,2017-04-13 00:00:00+05:30,2017,4,April    ,13,4,Thursday ,f,2
470,2017-04-14 00:00:00+05:30,2017,4,April    ,14,5,Friday   ,f,2
471,2017-04-15 00:00:00+05:30,2017,4,April    ,15,6,Saturday ,t,2
472,2017-04-16 00:00:00+05:30,2017,4,April    ,16,0,Sunday   ,t,2
473,2017-04-17 00:00:00+05:30,2017,4,April    ,17,1,Monday   ,f,2
474,2017-04-18 00:00:00+05:30,2017,4,April    ,18,2,Tuesday  ,f,2
475,2017-04-19 00:00:00+05:30,2017,4,April    ,19,3,Wednesday,f,2
476,2017-04-20 00:00:00+05:30,2017,4,April    ,20,4,Thursday ,f,2
477,2017-04-21 00:00:00+05:30,2017,4,April    ,21,5,Friday   ,f,2
478,2017-04-22 00:00:00+05:30,2017,4,April    ,22,6,Saturday ,t,2
479,2017-04-23 00:00:00+05:30,2017,4,April    ,23,0,Sunday   ,t,2
480,2017-04-24 00:00:00+05:30,2017,4,April    ,24,1,Monday   ,f,2
481,2017-04-25 00:00:00+05:30,2017,4,April    ,25,2,Tuesday  ,f,2
482,2017-04-26 00:00:00+05:30,2017,4,April    ,26,3,Wednesday,f,2
483,2017-04-27 00:00:00+05:30,2017,4,April    ,27,4,Thursday ,f,2
484,2017-04-28 00:00:00+05:30,2017,4,April    ,28,5,Friday   ,f,2
485,2017-04-29 00:00:00+05:30,2017,4,April    ,29,6,Saturday ,t,2
486,2017-04-30 00:00:00+05:30,2017,4,April    ,30,0,Sunday   ,t,2
487,2017-05-01 00:00:00+05:30,2017,5,May      ,1,1,Monday   ,f,2
488,2017-05-02 00:00:00+05:30,2017,5,May      ,2,2,Tuesday  ,f,2
489,2017-05-03 00:00:00+05:30,2017,5,May      ,3,3,Wednesday,f,2
490,2017-05-04 00:00:00+05:30,2017,5,May      ,4,4,Thursday ,f,2
491,2017-05-05 00:00:00+05:30,2017,5,May      ,5,5,Friday   ,f,2
492,2017-05-06 00:00:00+05:30,2017,5,May      ,6,6,Saturday ,t,2
493,2017-05-07 00:00:00+05:30,2017,5,May      ,7,0,Sunday   ,t,2
494,2017-05-08 00:00:00+05:30,2017,5,May      ,8,1,Monday   ,f,2
495,2017-05-09 00:00:00+05:30,2017,5,May      ,9,2,Tuesday  ,f,2
496,2017-05-10 00:00:00+05:30,2017,5,May      ,10,3,Wednesday,f,2
497,2017-05-11 00:00:00+05:30,2017,5,May      ,11,4,Thursday ,f,2
498,2017-05-12 00:00:00+05:30,2017,5,May      ,12,5,Friday   ,f,2
499,2017-05-13 00:00:00+05:30,2017,5,May      ,13,6,Saturday ,t,2
500,2017-05-14 00:00:00+05:30,2017,5,May      ,14,0,Sunday   ,t,2
501,2017-05-15 00:00:00+05:30,2017,5,May      ,15,1,Monday   ,f,2
502,2017-05-16 00:00:00+05:30,2017,5,May      ,16,2,Tuesday  ,f,2
503,2017-05-17 00:00:00+05:30,2017,5,May      ,17,3,Wednesday,f,2
504,2017-05-18 00:00:00+05:30,2017,5,May      ,18,4,Thursday ,f,2
505,2017-05-19 00:00:00+05:30,2017,5,May      ,19,5,Friday   ,f,2
506,2017-05-20 00:00:00+05:30,2017,5,May      ,20,6,Saturday ,t,2
507,2017-05-21 00:00:00+05:30,2017,5,May      ,21,0,Sunday   ,t,2
508,2017-05-22 00:00:00+05:30,2017,5,May      ,22,1,Monday   ,f,2
509,2017-05-23 00:00:00+05:30,2017,5,May      ,23,2,Tuesday  ,f,2
510,2017-05-24 00:00:00+05:30,2017,5,May      ,24,3,Wednesday,f,2
511,2017-05-25 00:00:00+05:30,2017,5,May      ,25,4,Thursday ,f,2
512,2017-05-26 00:00:00+05:30,2017,5,May      ,26,5,Friday   ,f,2
513,2017-05-27 00:00:00+05:30,2017,5,May      ,27,6,Saturday ,t,2
514,2017-05-28 00:00:00+05:30,2017,5,May      ,28,0,Sunday   ,t,2
515,2017-05-29 00:00:00+05:30,2017,5,May      ,29,1,Monday   ,f,2
516,2017-05-30 00:00:00+05:30,2017,5,May      ,30,2,Tuesday  ,f,2
517,2017-05-31 00:00:00+05:30,2017,5,May      ,31,3,Wednesday,f,2
518,2017-06-01 00:00:00+05:30,2017,6,June     ,1,4,Thursday ,f,2
519,2017-06-02 00:00:00+05:30,2017,6,June     ,2,5,Friday   ,f,2
520,2017-06-03 00:00:00+05:30,2017,6,June     ,3,6,Saturday ,t,2
521,2017-06-04 00:00:00+05:30,2017,6,June     ,4,0,Sunday   ,t,2
522,2017-06-05 00:00:00+05:30,2017,6,June     ,5,1,Monday   ,f,2
523,2017-06-06 00:00:00+05:30,2017,6,June     ,6,2,Tuesday  ,f,2
524,2017-06-07 00:00:00+05:30,2017,6,June     ,7,3,Wednesday,f,2
525,2017-06-08 00:00:00+05:30,2017,6,June     ,8,4,Thursday ,f,2
526,2017-06-09 00:00:00+05:30,2017,6,June     ,9,5,Friday   ,f,2
527,2017-06-10 00:00:00+05:30,2017,6,June     ,10,6,Saturday ,t,2
528,2017-06-11 00:00:00+05:30,2017,6,June     ,11,0,Sunday   ,t,2
529,2017-06-12 00:00:00+05:30,2017,6,June     ,12,1,Monday   ,f,2
530,2017-06-13 00:00:00+05:30,2017,6,June     ,13,2,Tuesday  ,f,2
531,2017-06-14 00:00:00+05:30,2017,6,June     ,14,3,Wednesday,f,2
532,2017-06-15 00:00:00+05:30,2017,6,June     ,15,4,Thursday ,f,2
533,2017-06-16 00:00:00+05:30,2017,6,June     ,16,5,Friday   ,f,2
534,2017-06-17 00:00:00+05:30,2017,6,June     ,17,6,Saturday ,t,2
535,2017-06-18 00:00:00+05:30,2017,6,June     ,18,0,Sunday   ,t,2
536,2017-06-19 00:00:00+05:30,2017,6,June     ,19,1,Monday   ,f,2
537,2017-06-20 00:00:00+05:30,2017,6,June     ,20,2,Tuesday  ,f,2
538,2017-06-21 00:00:00+05:30,2017,6,June     ,21,3,Wednesday,f,2
539,2017-06-22 00:00:00+05:30,2017,6,June     ,22,4,Thursday ,f,2
540,2017-06-23 00:00:00+05:30,2017,6,June     ,23,5,Friday   ,f,2
541,2017-06-24 00:00:00+05:30,2017,6,June     ,24,6,Saturday ,t,2
542,2017-06-25 00:00:00+05:30,2017,6,June     ,25,0,Sunday   ,t,2
543,2017-06-26 00:00:00+05:30,2017,6,June     ,26,1,Monday   ,f,2
544,2017-06-27 00:00:00+05:30,2017,6,June     ,27,2,Tuesday  ,f,2
545,2017-06-28 00:00:00+05:30,2017,6,June     ,28,3,Wednesday,f,2
546,2017-06-29 00:00:00+05:30,2017,6,June     ,29,4,Thursday ,f,2
547,2017-06-30 00:00:00+05:30,2017,6,June     ,30,5,Friday   ,f,2
548,2017-07-01 00:00:00+05:30,2017,7,July     ,1,6,Saturday ,t,3
549,2017-07-02 00:00:00+05:30,2017,7,July     ,2,0,Sunday   ,t,3
550,2017-07-03 00:00:00+05:30,2017,7,July     ,3,1,Monday   ,f,3
551,2017-07-04 00:00:00+05:30,2017,7,July     ,4,2,Tuesday  ,f,3
552,2017-07-05 00:00:00+05:30,2017,7,July     ,5,3,Wednesday,f,3
553,2017-07-06 00:00:00+05:30,2017,7,July     ,6,4,Thursday ,f,3
554,2017-07-07 00:00:00+05:30,2017,7,July     ,7,5,Friday   ,f,3
555,2017-07-08 00:00:00+05:30,2017,7,July     ,8,6,Saturday ,t,3
556,2017-07-09 00:00:00+05:30,2017,7,July     ,9,0,Sunday   ,t,3
557,2017-07-10 00:00:00+05:30,2017,7,July     ,10,1,Monday   ,f,3
558,2017-07-11 00:00:00+05:30,2017,7,July     ,11,2,Tuesday  ,f,3
559,2017-07-12 00:00:00+05:30,2017,7,July     ,12,3,Wednesday,f,3
560,2017-07-13 00:00:00+05:30,2017,7,July     ,13,4,Thursday ,f,3
561,2017-07-14 00:00:00+05:30,2017,7,July     ,14,5,Friday   ,f,3
562,2017-07-15 00:00:00+05:30,2017,7,July     ,15,6,Saturday ,t,3
563,2017-07-16 00:00:00+05:30,2017,7,July     ,16,0,Sunday   ,t,3
564,2017-07-17 00:00:00+05:30,2017,7,July     ,17,1,Monday   ,f,3
565,2017-07-18 00:00:00+05:30,2017,7,July     ,18,2,Tuesday  ,f,3
566,2017-07-19 00:00:00+05:30,2017,7,July     ,19,3,Wednesday,f,3
567,2017-07-20 00:00:00+05:30,2017,7,July     ,20,4,Thursday ,f,3
568,2017-07-21 00:00:00+05:30,2017,7,July     ,21,5,Friday   ,f,3
569,2017-07-22 00:00:00+05:30,2017,7,July     ,22,6,Saturday ,t,3
570,2017-07-23 00:00:00+05:30,2017,7,July     ,23,0,Sunday   ,t,3
571,2017-07-24 00:00:00+05:30,2017,7,July     ,24,1,Monday   ,f,3
572,2017-07-25 00:00:00+05:30,2017,7,July     ,25,2,Tuesday  ,f,3
573,2017-07-26 00:00:00+05:30,2017,7,July     ,26,3,Wednesday,f,3
574,2017-07-27 00:00:00+05:30,2017,7,July     ,27,4,Thursday ,f,3
575,2017-07-28 00:00:00+05:30,2017,7,July     ,28,5,Friday   ,f,3
576,2017-07-29 00:00:00+05:30,2017,7,July     ,29,6,Saturday ,t,3
577,2017-07-30 00:00:00+05:30,2017,7,July     ,30,0,Sunday   ,t,3
578,2017-07-31 00:00:00+05:30,2017,7,July     ,31,1,Monday   ,f,3
579,2017-08-01 00:00:00+05:30,2017,8,August   ,1,2,Tuesday  ,f,3
580,2017-08-02 00:00:00+05:30,2017,8,August   ,2,3,Wednesday,f,3
581,2017-08-03 00:00:00+05:30,2017,8,August   ,3,4,Thursday ,f,3
582,2017-08-04 00:00:00+05:30,2017,8,August   ,4,5,Friday   ,f,3
583,2017-08-05 00:00:00+05:30,2017,8,August   ,5,6,Saturday ,t,3
584,2017-08-06 00:00:00+05:30,2017,8,August   ,6,0,Sunday   ,t,3
585,2017-08-07 00:00:00+05:30,2017,8,August   ,7,1,Monday   ,f,3
586,2017-08-08 00:00:00+05:30,2017,8,August   ,8,2,Tuesday  ,f,3
587,2017-08-09 00:00:00+05:30,2017,8,August   ,9,3,Wednesday,f,3
588,2017-08-10 00:00:00+05:30,2017,8,August   ,10,4,Thursday ,f,3
589,2017-08-11 00:00:00+05:30,2017,8,August   ,11,5,Friday   ,f,3
590,2017-08-12 00:00:00+05:30,2017,8,August   ,12,6,Saturday ,t,3
591,2017-08-13 00:00:00+05:30,2017,8,August   ,13,0,Sunday   ,t,3
592,2017-08-14 00:00:00+05:30,2017,8,August   ,14,1,Monday   ,f,3
593,2017-08-15 00:00:00+05:30,2017,8,August   ,15,2,Tuesday  ,f,3
594,2017-08-16 00:00:00+05:30,2017,8,August   ,16,3,Wednesday,f,3
595,2017-08-17 00:00:00+05:30,2017,8,August   ,17,4,Thursday ,f,3
596,2017-08-18 00:00:00+05:30,2017,8,August   ,18,5,Friday   ,f,3
597,2017-08-19 00:00:00+05:30,2017,8,August   ,19,6,Saturday ,t,3
598,2017-08-20 00:00:00+05:30,2017,8,August   ,20,0,Sunday   ,t,3
599,2017-08-21 00:00:00+05:30,2017,8,August   ,21,1,Monday   ,f,3
600,2017-08-22 00:00:00+05:30,2017,8,August   ,22,2,Tuesday  ,f,3
601,2017-08-23 00:00:00+05:30,2017,8,August   ,23,3,Wednesday,f,3
602,2017-08-24 00:00:00+05:30,2017,8,August   ,24,4,Thursday ,f,3
603,2017-08-25 00:00:00+05:30,2017,8,August   ,25,5,Friday   ,f,3
604,2017-08-26 00:00:00+05:30,2017,8,August   ,26,6,Saturday ,t,3
605,2017-08-27 00:00:00+05:30,2017,8,August   ,27,0,Sunday   ,t,3
606,2017-08-28 00:00:00+05:30,2017,8,August   ,28,1,Monday   ,f,3
607,2017-08-29 00:00:00+05:30,2017,8,August   ,29,2,Tuesday  ,f,3
608,2017-08-30 00:00:00+05:30,2017,8,August   ,30,3,Wednesday,f,3
609,2017-08-31 00:00:00+05:30,2017,8,August   ,31,4,Thursday ,f,3
610,2017-09-01 00:00:00+05:30,2017,9,September,1,5,Friday   ,f,3
611,2017-09-02 00:00:00+05:30,2017,9,September,2,6,Saturday ,t,3
612,2017-09-03 00:00:00+05:30,2017,9,September,3,0,Sunday   ,t,3
613,2017-09-04 00:00:00+05:30,2017,9,September,4,1,Monday   ,f,3
614,2017-09-05 00:00:00+05:30,2017,9,September,5,2,Tuesday  ,f,3
615,2017-09-06 00:00:00+05:30,2017,9,September,6,3,Wednesday,f,3
616,2017-09-07 00:00:00+05:30,2017,9,September,7,4,Thursday ,f,3
617,2017-09-08 00:00:00+05:30,2017,9,September,8,5,Friday   ,f,3
618,2017-09-09 00:00:00+05:30,2017,9,September,9,6,Saturday ,t,3
619,2017-09-10 00:00:00+05:30,2017,9,September,10,0,Sunday   ,t,3
620,2017-09-11 00:00:00+05:30,2017,9,September,11,1,Monday   ,f,3
621,2017-09-12 00:00:00+05:30,2017,9,September,12,2,Tuesday  ,f,3
622,2017-09-13 00:00:00+05:30,2017,9,September,13,3,Wednesday,f,3
623,2017-09-14 00:00:00+05:30,2017,9,September,14,4,Thursday ,f,3
624,2017-09-15 00:00:00+05:30,2017,9,September,15,5,Friday   ,f,3
625,2017-09-16 00:00:00+05:30,2017,9,September,16,6,Saturday ,t,3
626,2017-09-17 00:00:00+05:30,2017,9,September,17,0,Sunday   ,t,3
627,2017-09-18 00:00:00+05:30,2017,9,September,18,1,Monday   ,f,3
628,2017-09-19 00:00:00+05:30,2017,9,September,19,2,Tuesday  ,f,3
629,2017-09-20 00:00:00+05:30,2017,9,September,20,3,Wednesday,f,3
630,2017-09-21 00:00:00+05:30,2017,9,September,21,4,Thursday ,f,3
631,2017-09-22 00:00:00+05:30,2017,9,September,22,5,Friday   ,f,3
632,2017-09-23 00:00:00+05:30,2017,9,September,23,6,Saturday ,t,3
633,2017-09-24 00:00:00+05:30,2017,9,September,24,0,Sunday   ,t,3
634,2017-09-25 00:00:00+05:30,2017,9,September,25,1,Monday   ,f,3
635,2017-09-26 00:00:00+05:30,2017,9,September,26,2,Tuesday  ,f,3
636,2017-09-27 00:00:00+05:30,2017,9,September,27,3,Wednesday,f,3
637,2017-09-28 00:00:00+05:30,2017,9,September,28,4,Thursday ,f,3
638,2017-09-29 00:00:00+05:30,2017,9,September,29,5,Friday   ,f,3
639,2017-09-30 00:00:00+05:30,2017,9,September,30,6,Saturday ,t,3
640,2017-10-01 00:00:00+05:30,2017,10,October  ,1,0,Sunday   ,t,4
641,2017-10-02 00:00:00+05:30,2017,10,October  ,2,1,Monday   ,f,4
642,2017-10-03 00:00:00+05:30,2017,10,October  ,3,2,Tuesday  ,f,4
643,2017-10-04 00:00:00+05:30,2017,10,October  ,4,3,Wednesday,f,4
644,2017-10-05 00:00:00+05:30,2017,10,October  ,5,4,Thursday ,f,4
645,2017-10-06 00:00:00+05:30,2017,10,October  ,6,5,Friday   ,f,4
646,2017-10-07 00:00:00+05:30,2017,10,October  ,7,6,Saturday ,t,4
647,2017-10-08 00:00:00+05:30,2017,10,October  ,8,0,Sunday   ,t,4
648,2017-10-09 00:00:00+05:30,2017,10,October  ,9,1,Monday   ,f,4
649,2017-10-10 00:00:00+05:30,2017,10,October  ,10,2,Tuesday  ,f,4
650,2017-10-11 00:00:00+05:30,2017,10,October  ,11,3,Wednesday,f,4
651,2017-10-12 00:00:00+05:30,2017,10,October  ,12,4,Thursday ,f,4
652,2017-10-13 00:00:00+05:30,2017,10,October  ,13,5,Friday   ,f,4
653,2017-10-14 00:00:00+05:30,2017,10,October  ,14,6,Saturday ,t,4
654,2017-10-15 00:00:00+05:30,2017,10,October  ,15,0,Sunday   ,t,4
655,2017-10-16 00:00:00+05:30,2017,10,October  ,16,1,Monday   ,f,4
656,2017-10-17 00:00:00+05:30,2017,10,October  ,17,2,Tuesday  ,f,4
657,2017-10-18 00:00:00+05:30,2017,10,October  ,18,3,Wednesday,f,4
658,2017-10-19 00:00:00+05:30,2017,10,October  ,19,4,Thursday ,f,4
659,2017-10-20 00:00:00+05:30,2017,10,October  ,20,5,Friday   ,f,4
660,2017-10-21 00:00:00+05:30,2017,10,October  ,21,6,Saturday ,t,4
661,2017-10-22 00:00:00+05:30,2017,10,October  ,22,0,Sunday   ,t,4
662,2017-10-23 00:00:00+05:30,2017,10,October  ,23,1,Monday   ,f,4
663,2017-10-24 00:00:00+05:30,2017,10,October  ,24,2,Tuesday  ,f,4
664,2017-10-25 00:00:00+05:30,2017,10,October  ,25,3,Wednesday,f,4
665,2017-10-26 00:00:00+05:30,2017,10,October  ,26,4,Thursday ,f,4
666,2017-10-27 00:00:00+05:30,2017,10,October  ,27,5,Friday   ,f,4
667,2017-10-28 00:00:00+05:30,2017,10,October  ,28,6,Saturday ,t,4
668,2017-10-29 00:00:00+05:30,2017,10,October  ,29,0,Sunday   ,t,4
669,2017-10-30 00:00:00+05:30,2017,10,October  ,30,1,Monday   ,f,4
670,2017-10-31 00:00:00+05:30,2017,10,October  ,31,2,Tuesday  ,f,4
671,2017-11-01 00:00:00+05:30,2017,11,November ,1,3,Wednesday,f,4
672,2017-11-02 00:00:00+05:30,2017,11,November ,2,4,Thursday ,f,4
673,2017-11-03 00:00:00+05:30,2017,11,November ,3,5,Friday   ,f,4
674,2017-11-04 00:00:00+05:30,2017,11,November ,4,6,Saturday ,t,4
675,2017-11-05 00:00:00+05:30,2017,11,November ,5,0,Sunday   ,t,4
676,2017-11-06 00:00:00+05:30,2017,11,November ,6,1,Monday   ,f,4
677,2017-11-07 00:00:00+05:30,2017,11,November ,7,2,Tuesday  ,f,4
678,2017-11-08 00:00:00+05:30,2017,11,November ,8,3,Wednesday,f,4
679,2017-11-09 00:00:00+05:30,2017,11,November ,9,4,Thursday ,f,4
680,2017-11-10 00:00:00+05:30,2017,11,November ,10,5,Friday   ,f,4
681,2017-11-11 00:00:00+05:30,2017,11,November ,11,6,Saturday ,t,4
682,2017-11-12 00:00:00+05:30,2017,11,November ,12,0,Sunday   ,t,4
683,2017-11-13 00:00:00+05:30,2017,11,November ,13,1,Monday   ,f,4
684,2017-11-14 00:00:00+05:30,2017,11,November ,14,2,Tuesday  ,f,4
685,2017-11-15 00:00:00+05:30,2017,11,November ,15,3,Wednesday,f,4
686,2017-11-16 00:00:00+05:30,2017,11,November ,16,4,Thursday ,f,4
687,2017-11-17 00:00:00+05:30,2017,11,November ,17,5,Friday   ,f,4
688,2017-11-18 00:00:00+05:30,2017,11,November ,18,6,Saturday ,t,4
689,2017-11-19 00:00:00+05:30,2017,11,November ,19,0,Sunday   ,t,4
690,2017-11-20 00:00:00+05:30,2017,11,November ,20,1,Monday   ,f,4
691,2017-11-21 00:00:00+05:30,2017,11,November ,21,2,Tuesday  ,f,4
692,2017-11-22 00:00:00+05:30,2017,11,November ,22,3,Wednesday,f,4
693,2017-11-23 00:00:00+05:30,2017,11,November ,23,4,Thursday ,f,4
694,2017-11-24 00:00:00+05:30,2017,11,November ,24,5,Friday   ,f,4
695,2017-11-25 00:00:00+05:30,2017,11,November ,25,6,Saturday ,t,4
696,2017-11-26 00:00:00+05:30,2017,11,November ,26,0,Sunday   ,t,4
697,2017-11-27 00:00:00+05:30,2017,11,November ,27,1,Monday   ,f,4
698,2017-11-28 00:00:00+05:30,2017,11,November ,28,2,Tuesday  ,f,4
699,2017-11-29 00:00:00+05:30,2017,11,November ,29,3,Wednesday,f,4
700,2017-11-30 00:00:00+05:30,2017,11,November ,30,4,Thursday ,f,4
701,2017-12-01 00:00:00+05:30,2017,12,December ,1,5,Friday   ,f,4
702,2017-12-02 00:00:00+05:30,2017,12,December ,2,6,Saturday ,t,4
703,2017-12-03 00:00:00+05:30,2017,12,December ,3,0,Sunday   ,t,4
704,2017-12-04 00:00:00+05:30,2017,12,December ,4,1,Monday   ,f,4
705,2017-12-05 00:00:00+05:30,2017,12,December ,5,2,Tuesday  ,f,4
706,2017-12-06 00:00:00+05:30,2017,12,December ,6,3,Wednesday,f,4
707,2017-12-07 00:00:00+05:30,2017,12,December ,7,4,Thursday ,f,4
708,2017-12-08 00:00:00+05:30,2017,12,December ,8,5,Friday   ,f,4
709,2017-12-09 00:00:00+05:30,2017,12,December ,9,6,Saturday ,t,4
710,2017-12-10 00:00:00+05:30,2017,12,December ,10,0,Sunday   ,t,4
711,2017-12-11 00:00:00+05:30,2017,12,December ,11,1,Monday   ,f,4
712,2017-12-12 00:00:00+05:30,2017,12,December ,12,2,Tuesday  ,f,4
713,2017-12-13 00:00:00+05:30,2017,12,December ,13,3,Wednesday,f,4
714,2017-12-14 00:00:00+05:30,2017,12,December ,14,4,Thursday ,f,4
715,2017-12-15 00:00:00+05:30,2017,12,December ,15,5,Friday   ,f,4
716,2017-12-16 00:00:00+05:30,2017,12,December ,16,6,Saturday ,t,4
717,2017-12-17 00:00:00+05:30,2017,12,December ,17,0,Sunday   ,t,4
718,2017-12-18 00:00:00+05:30,2017,12,December ,18,1,Monday   ,f,4
719,2017-12-19 00:00:00+05:30,2017,12,December ,19,2,Tuesday  ,f,4
720,2017-12-20 00:00:00+05:30,2017,12,December ,20,3,Wednesday,f,4
721,2017-12-21 00:00:00+05:30,2017,12,December ,21,4,Thursday ,f,4
722,2017-12-22 00:00:00+05:30,2017,12,December ,22,5,Friday   ,f,4
723,2017-12-23 00:00:00+05:30,2017,12,December ,23,6,Saturday ,t,4
724,2017-12-24 00:00:00+05:30,2017,12,December ,24,0,Sunday   ,t,4
725,2017-12-25 00:00:00+05:30,2017,12,December ,25,1,Monday   ,f,4
726,2017-12-26 00:00:00+05:30,2017,12,December ,26,2,Tuesday  ,f,4
727,2017-12-27 00:00:00+05:30,2017,12,December ,27,3,Wednesday,f,4
728,2017-12-28 00:00:00+05:30,2017,12,December ,28,4,Thursday ,f,4
729,2017-12-29 00:00:00+05:30,2017,12,December ,29,5,Friday   ,f,4
730,2017-12-30 00:00:00+05:30,2017,12,December ,30,6,Saturday ,t,4
731,2017-12-31 00:00:00+05:30,2017,12,December ,31,0,Sunday   ,t,4
732,2018-01-01 00:00:00+05:30,2018,1,January  ,1,1,Monday   ,f,1
733,2018-01-02 00:00:00+05:30,2018,1,January  ,2,2,Tuesday  ,f,1
734,2018-01-03 00:00:00+05:30,2018,1,January  ,3,3,Wednesday,f,1
735,2018-01-04 00:00:00+05:30,2018,1,January  ,4,4,Thursday ,f,1
736,2018-01-05 00:00:00+05:30,2018,1,January  ,5,5,Friday   ,f,1
737,2018-01-06 00:00:00+05:30,2018,1,January  ,6,6,Saturday ,t,1
738,2018-01-07 00:00:00+05:30,2018,1,January  ,7,0,Sunday   ,t,1
739,2018-01-08 00:00:00+05:30,2018,1,January  ,8,1,Monday   ,f,1
740,2018-01-09 00:00:00+05:30,2018,1,January  ,9,2,Tuesday  ,f,1
741,2018-01-10 00:00:00+05:30,2018,1,January  ,10,3,Wednesday,f,1
742,2018-01-11 00:00:00+05:30,2018,1,January  ,11,4,Thursday ,f,1
743,2018-01-12 00:00:00+05:30,2018,1,January  ,12,5,Friday   ,f,1
744,2018-01-13 00:00:00+05:30,2018,1,January  ,13,6,Saturday ,t,1
745,2018-01-14 00:00:00+05:30,2018,1,January  ,14,0,Sunday   ,t,1
746,2018-01-15 00:00:00+05:30,2018,1,January  ,15,1,Monday   ,f,1
747,2018-01-16 00:00:00+05:30,2018,1,January  ,16,2,Tuesday  ,f,1
748,2018-01-17 00:00:00+05:30,2018,1,January  ,17,3,Wednesday,f,1
749,2018-01-18 00:00:00+05:30,2018,1,January  ,18,4,Thursday ,f,1
750,2018-01-19 00:00:00+05:30,2018,1,January  ,19,5,Friday   ,f,1
751,2018-01-20 00:00:00+05:30,2018,1,January  ,20,6,Saturday ,t,1
752,2018-01-21 00:00:00+05:30,2018,1,January  ,21,0,Sunday   ,t,1
753,2018-01-22 00:00:00+05:30,2018,1,January  ,22,1,Monday   ,f,1
754,2018-01-23 00:00:00+05:30,2018,1,January  ,23,2,Tuesday  ,f,1
755,2018-01-24 00:00:00+05:30,2018,1,January  ,24,3,Wednesday,f,1
756,2018-01-25 00:00:00+05:30,2018,1,January  ,25,4,Thursday ,f,1
757,2018-01-26 00:00:00+05:30,2018,1,January  ,26,5,Friday   ,f,1
758,2018-01-27 00:00:00+05:30,2018,1,January  ,27,6,Saturday ,t,1
759,2018-01-28 00:00:00+05:30,2018,1,January  ,28,0,Sunday   ,t,1
760,2018-01-29 00:00:00+05:30,2018,1,January  ,29,1,Monday   ,f,1
761,2018-01-30 00:00:00+05:30,2018,1,January  ,30,2,Tuesday  ,f,1
762,2018-01-31 00:00:00+05:30,2018,1,January  ,31,3,Wednesday,f,1
763,2018-02-01 00:00:00+05:30,2018,2,February ,1,4,Thursday ,f,1
764,2018-02-02 00:00:00+05:30,2018,2,February ,2,5,Friday   ,f,1
765,2018-02-03 00:00:00+05:30,2018,2,February ,3,6,Saturday ,t,1
766,2018-02-04 00:00:00+05:30,2018,2,February ,4,0,Sunday   ,t,1
767,2018-02-05 00:00:00+05:30,2018,2,February ,5,1,Monday   ,f,1
768,2018-02-06 00:00:00+05:30,2018,2,February ,6,2,Tuesday  ,f,1
769,2018-02-07 00:00:00+05:30,2018,2,February ,7,3,Wednesday,f,1
770,2018-02-08 00:00:00+05:30,2018,2,February ,8,4,Thursday ,f,1
771,2018-02-09 00:00:00+05:30,2018,2,February ,9,5,Friday   ,f,1
772,2018-02-10 00:00:00+05:30,2018,2,February ,10,6,Saturday ,t,1
773,2018-02-11 00:00:00+05:30,2018,2,February ,11,0,Sunday   ,t,1
774,2018-02-12 00:00:00+05:30,2018,2,February ,12,1,Monday   ,f,1
775,2018-02-13 00:00:00+05:30,2018,2,February ,13,2,Tuesday  ,f,1
776,2018-02-14 00:00:00+05:30,2018,2,February ,14,3,Wednesday,f,1
777,2018-02-15 00:00:00+05:30,2018,2,February ,15,4,Thursday ,f,1
778,2018-02-16 00:00:00+05:30,2018,2,February ,16,5,Friday   ,f,1
779,2018-02-17 00:00:00+05:30,2018,2,February ,17,6,Saturday ,t,1
780,2018-02-18 00:00:00+05:30,2018,2,February ,18,0,Sunday   ,t,1
781,2018-02-19 00:00:00+05:30,2018,2,February ,19,1,Monday   ,f,1
782,2018-02-20 00:00:00+05:30,2018,2,February ,20,2,Tuesday  ,f,1
783,2018-02-21 00:00:00+05:30,2018,2,February ,21,3,Wednesday,f,1
784,2018-02-22 00:00:00+05:30,2018,2,February ,22,4,Thursday ,f,1
785,2018-02-23 00:00:00+05:30,2018,2,February ,23,5,Friday   ,f,1
786,2018-02-24 00:00:00+05:30,2018,2,February ,24,6,Saturday ,t,1
787,2018-02-25 00:00:00+05:30,2018,2,February ,25,0,Sunday   ,t,1
788,2018-02-26 00:00:00+05:30,2018,2,February ,26,1,Monday   ,f,1
789,2018-02-27 00:00:00+05:30,2018,2,February ,27,2,Tuesday  ,f,1
790,2018-02-28 00:00:00+05:30,2018,2,February ,28,3,Wednesday,f,1
791,2018-03-01 00:00:00+05:30,2018,3,March    ,1,4,Thursday ,f,1
792,2018-03-02 00:00:00+05:30,2018,3,March    ,2,5,Friday   ,f,1
793,2018-03-03 00:00:00+05:30,2018,3,March    ,3,6,Saturday ,t,1
794,2018-03-04 00:00:00+05:30,2018,3,March    ,4,0,Sunday   ,t,1
795,2018-03-05 00:00:00+05:30,2018,3,March    ,5,1,Monday   ,f,1
796,2018-03-06 00:00:00+05:30,2018,3,March    ,6,2,Tuesday  ,f,1
797,2018-03-07 00:00:00+05:30,2018,3,March    ,7,3,Wednesday,f,1
798,2018-03-08 00:00:00+05:30,2018,3,March    ,8,4,Thursday ,f,1
799,2018-03-09 00:00:00+05:30,2018,3,March    ,9,5,Friday   ,f,1
800,2018-03-10 00:00:00+05:30,2018,3,March    ,10,6,Saturday ,t,1
801,2018-03-11 00:00:00+05:30,2018,3,March    ,11,0,Sunday   ,t,1
802,2018-03-12 00:00:00+05:30,2018,3,March    ,12,1,Monday   ,f,1
803,2018-03-13 00:00:00+05:30,2018,3,March    ,13,2,Tuesday  ,f,1
804,2018-03-14 00:00:00+05:30,2018,3,March    ,14,3,Wednesday,f,1
805,2018-03-15 00:00:00+05:30,2018,3,March    ,15,4,Thursday ,f,1
806,2018-03-16 00:00:00+05:30,2018,3,March    ,16,5,Friday   ,f,1
807,2018-03-17 00:00:00+05:30,2018,3,March    ,17,6,Saturday ,t,1
808,2018-03-18 00:00:00+05:30,2018,3,March    ,18,0,Sunday   ,t,1
809,2018-03-19 00:00:00+05:30,2018,3,March    ,19,1,Monday   ,f,1
810,2018-03-20 00:00:00+05:30,2018,3,March    ,20,2,Tuesday  ,f,1
811,2018-03-21 00:00:00+05:30,2018,3,March    ,21,3,Wednesday,f,1
812,2018-03-22 00:00:00+05:30,2018,3,March    ,22,4,Thursday ,f,1
813,2018-03-23 00:00:00+05:30,2018,3,March    ,23,5,Friday   ,f,1
814,2018-03-24 00:00:00+05:30,2018,3,March    ,24,6,Saturday ,t,1
815,2018-03-25 00:00:00+05:30,2018,3,March    ,25,0,Sunday   ,t,1
816,2018-03-26 00:00:00+05:30,2018,3,March    ,26,1,Monday   ,f,1
817,2018-03-27 00:00:00+05:30,2018,3,March    ,27,2,Tuesday  ,f,1
818,2018-03-28 00:00:00+05:30,2018,3,March    ,28,3,Wednesday,f,1
819,2018-03-29 00:00:00+05:30,2018,3,March    ,29,4,Thursday ,f,1
820,2018-03-30 00:00:00+05:30,2018,3,March    ,30,5,Friday   ,f,1
821,2018-03-31 00:00:00+05:30,2018,3,March    ,31,6,Saturday ,t,1
822,2018-04-01 00:00:00+05:30,2018,4,April    ,1,0,Sunday   ,t,2
823,2018-04-02 00:00:00+05:30,2018,4,April    ,2,1,Monday   ,f,2
824,2018-04-03 00:00:00+05:30,2018,4,April    ,3,2,Tuesday  ,f,2
825,2018-04-04 00:00:00+05:30,2018,4,April    ,4,3,Wednesday,f,2
826,2018-04-05 00:00:00+05:30,2018,4,April    ,5,4,Thursday ,f,2
827,2018-04-06 00:00:00+05:30,2018,4,April    ,6,5,Friday   ,f,2
828,2018-04-07 00:00:00+05:30,2018,4,April    ,7,6,Saturday ,t,2
829,2018-04-08 00:00:00+05:30,2018,4,April    ,8,0,Sunday   ,t,2
830,2018-04-09 00:00:00+05:30,2018,4,April    ,9,1,Monday   ,f,2
831,2018-04-10 00:00:00+05:30,2018,4,April    ,10,2,Tuesday  ,f,2
832,2018-04-11 00:00:00+05:30,2018,4,April    ,11,3,Wednesday,f,2
833,2018-04-12 00:00:00+05:30,2018,4,April    ,12,4,Thursday ,f,2
834,2018-04-13 00:00:00+05:30,2018,4,April    ,13,5,Friday   ,f,2
835,2018-04-14 00:00:00+05:30,2018,4,April    ,14,6,Saturday ,t,2
836,2018-04-15 00:00:00+05:30,2018,4,April    ,15,0,Sunday   ,t,2
837,2018-04-16 00:00:00+05:30,2018,4,April    ,16,1,Monday   ,f,2
838,2018-04-17 00:00:00+05:30,2018,4,April    ,17,2,Tuesday  ,f,2
839,2018-04-18 00:00:00+05:30,2018,4,April    ,18,3,Wednesday,f,2
840,2018-04-19 00:00:00+05:30,2018,4,April    ,19,4,Thursday ,f,2
841,2018-04-20 00:00:00+05:30,2018,4,April    ,20,5,Friday   ,f,2
842,2018-04-21 00:00:00+05:30,2018,4,April    ,21,6,Saturday ,t,2
843,2018-04-22 00:00:00+05:30,2018,4,April    ,22,0,Sunday   ,t,2
844,2018-04-23 00:00:00+05:30,2018,4,April    ,23,1,Monday   ,f,2
845,2018-04-24 00:00:00+05:30,2018,4,April    ,24,2,Tuesday  ,f,2
846,2018-04-25 00:00:00+05:30,2018,4,April    ,25,3,Wednesday,f,2
847,2018-04-26 00:00:00+05:30,2018,4,April    ,26,4,Thursday ,f,2
848,2018-04-27 00:00:00+05:30,2018,4,April    ,27,5,Friday   ,f,2
849,2018-04-28 00:00:00+05:30,2018,4,April    ,28,6,Saturday ,t,2
850,2018-04-29 00:00:00+05:30,2018,4,April    ,29,0,Sunday   ,t,2
851,2018-04-30 00:00:00+05:30,2018,4,April    ,30,1,Monday   ,f,2
852,2018-05-01 00:00:00+05:30,2018,5,May      ,1,2,Tuesday  ,f,2
853,2018-05-02 00:00:00+05:30,2018,5,May      ,2,3,Wednesday,f,2
854,2018-05-03 00:00:00+05:30,2018,5,May      ,3,4,Thursday ,f,2
855,2018-05-04 00:00:00+05:30,2018,5,May      ,4,5,Friday   ,f,2
856,2018-05-05 00:00:00+05:30,2018,5,May      ,5,6,Saturday ,t,2
857,2018-05-06 00:00:00+05:30,2018,5,May      ,6,0,Sunday   ,t,2
858,2018-05-07 00:00:00+05:30,2018,5,May      ,7,1,Monday   ,f,2
859,2018-05-08 00:00:00+05:30,2018,5,May      ,8,2,Tuesday  ,f,2
860,2018-05-09 00:00:00+05:30,2018,5,May      ,9,3,Wednesday,f,2
861,2018-05-10 00:00:00+05:30,2018,5,May      ,10,4,Thursday ,f,2
862,2018-05-11 00:00:00+05:30,2018,5,May      ,11,5,Friday   ,f,2
863,2018-05-12 00:00:00+05:30,2018,5,May      ,12,6,Saturday ,t,2
864,2018-05-13 00:00:00+05:30,2018,5,May      ,13,0,Sunday   ,t,2
865,2018-05-14 00:00:00+05:30,2018,5,May      ,14,1,Monday   ,f,2
866,2018-05-15 00:00:00+05:30,2018,5,May      ,15,2,Tuesday  ,f,2
867,2018-05-16 00:00:00+05:30,2018,5,May      ,16,3,Wednesday,f,2
868,2018-05-17 00:00:00+05:30,2018,5,May      ,17,4,Thursday ,f,2
869,2018-05-18 00:00:00+05:30,2018,5,May      ,18,5,Friday   ,f,2
870,2018-05-19 00:00:00+05:30,2018,5,May      ,19,6,Saturday ,t,2
871,2018-05-20 00:00:00+05:30,2018,5,May      ,20,0,Sunday   ,t,2
872,2018-05-21 00:00:00+05:30,2018,5,May      ,21,1,Monday   ,f,2
873,2018-05-22 00:00:00+05:30,2018,5,May      ,22,2,Tuesday  ,f,2
874,2018-05-23 00:00:00+05:30,2018,5,May      ,23,3,Wednesday,f,2
875,2018-05-24 00:00:00+05:30,2018,5,May      ,24,4,Thursday ,f,2
876,2018-05-25 00:00:00+05:30,2018,5,May      ,25,5,Friday   ,f,2
877,2018-05-26 00:00:00+05:30,2018,5,May      ,26,6,Saturday ,t,2
878,2018-05-27 00:00:00+05:30,2018,5,May      ,27,0,Sunday   ,t,2
879,2018-05-28 00:00:00+05:30,2018,5,May      ,28,1,Monday   ,f,2
880,2018-05-29 00:00:00+05:30,2018,5,May      ,29,2,Tuesday  ,f,2
881,2018-05-30 00:00:00+05:30,2018,5,May      ,30,3,Wednesday,f,2
882,2018-05-31 00:00:00+05:30,2018,5,May      ,31,4,Thursday ,f,2
883,2018-06-01 00:00:00+05:30,2018,6,June     ,1,5,Friday   ,f,2
884,2018-06-02 00:00:00+05:30,2018,6,June     ,2,6,Saturday ,t,2
885,2018-06-03 00:00:00+05:30,2018,6,June     ,3,0,Sunday   ,t,2
886,2018-06-04 00:00:00+05:30,2018,6,June     ,4,1,Monday   ,f,2
887,2018-06-05 00:00:00+05:30,2018,6,June     ,5,2,Tuesday  ,f,2
888,2018-06-06 00:00:00+05:30,2018,6,June     ,6,3,Wednesday,f,2
889,2018-06-07 00:00:00+05:30,2018,6,June     ,7,4,Thursday ,f,2
890,2018-06-08 00:00:00+05:30,2018,6,June     ,8,5,Friday   ,f,2
891,2018-06-09 00:00:00+05:30,2018,6,June     ,9,6,Saturday ,t,2
892,2018-06-10 00:00:00+05:30,2018,6,June     ,10,0,Sunday   ,t,2
893,2018-06-11 00:00:00+05:30,2018,6,June     ,11,1,Monday   ,f,2
894,2018-06-12 00:00:00+05:30,2018,6,June     ,12,2,Tuesday  ,f,2
895,2018-06-13 00:00:00+05:30,2018,6,June     ,13,3,Wednesday,f,2
896,2018-06-14 00:00:00+05:30,2018,6,June     ,14,4,Thursday ,f,2
897,2018-06-15 00:00:00+05:30,2018,6,June     ,15,5,Friday   ,f,2
898,2018-06-16 00:00:00+05:30,2018,6,June     ,16,6,Saturday ,t,2
899,2018-06-17 00:00:00+05:30,2018,6,June     ,17,0,Sunday   ,t,2
900,2018-06-18 00:00:00+05:30,2018,6,June     ,18,1,Monday   ,f,2
901,2018-06-19 00:00:00+05:30,2018,6,June     ,19,2,Tuesday  ,f,2
902,2018-06-20 00:00:00+05:30,2018,6,June     ,20,3,Wednesday,f,2
903,2018-06-21 00:00:00+05:30,2018,6,June     ,21,4,Thursday ,f,2
904,2018-06-22 00:00:00+05:30,2018,6,June     ,22,5,Friday   ,f,2
905,2018-06-23 00:00:00+05:30,2018,6,June     ,23,6,Saturday ,t,2
906,2018-06-24 00:00:00+05:30,2018,6,June     ,24,0,Sunday   ,t,2
907,2018-06-25 00:00:00+05:30,2018,6,June     ,25,1,Monday   ,f,2
908,2018-06-26 00:00:00+05:30,2018,6,June     ,26,2,Tuesday  ,f,2
909,2018-06-27 00:00:00+05:30,2018,6,June     ,27,3,Wednesday,f,2
910,2018-06-28 00:00:00+05:30,2018,6,June     ,28,4,Thursday ,f,2
911,2018-06-29 00:00:00+05:30,2018,6,June     ,29,5,Friday   ,f,2
912,2018-06-30 00:00:00+05:30,2018,6,June     ,30,6,Saturday ,t,2
913,2018-07-01 00:00:00+05:30,2018,7,July     ,1,0,Sunday   ,t,3
914,2018-07-02 00:00:00+05:30,2018,7,July     ,2,1,Monday   ,f,3
915,2018-07-03 00:00:00+05:30,2018,7,July     ,3,2,Tuesday  ,f,3
916,2018-07-04 00:00:00+05:30,2018,7,July     ,4,3,Wednesday,f,3
917,2018-07-05 00:00:00+05:30,2018,7,July     ,5,4,Thursday ,f,3
918,2018-07-06 00:00:00+05:30,2018,7,July     ,6,5,Friday   ,f,3
919,2018-07-07 00:00:00+05:30,2018,7,July     ,7,6,Saturday ,t,3
920,2018-07-08 00:00:00+05:30,2018,7,July     ,8,0,Sunday   ,t,3
921,2018-07-09 00:00:00+05:30,2018,7,July     ,9,1,Monday   ,f,3
922,2018-07-10 00:00:00+05:30,2018,7,July     ,10,2,Tuesday  ,f,3
923,2018-07-11 00:00:00+05:30,2018,7,July     ,11,3,Wednesday,f,3
924,2018-07-12 00:00:00+05:30,2018,7,July     ,12,4,Thursday ,f,3
925,2018-07-13 00:00:00+05:30,2018,7,July     ,13,5,Friday   ,f,3
926,2018-07-14 00:00:00+05:30,2018,7,July     ,14,6,Saturday ,t,3
927,2018-07-15 00:00:00+05:30,2018,7,July     ,15,0,Sunday   ,t,3
928,2018-07-16 00:00:00+05:30,2018,7,July     ,16,1,Monday   ,f,3
929,2018-07-17 00:00:00+05:30,2018,7,July     ,17,2,Tuesday  ,f,3
930,2018-07-18 00:00:00+05:30,2018,7,July     ,18,3,Wednesday,f,3
931,2018-07-19 00:00:00+05:30,2018,7,July     ,19,4,Thursday ,f,3
932,2018-07-20 00:00:00+05:30,2018,7,July     ,20,5,Friday   ,f,3
933,2018-07-21 00:00:00+05:30,2018,7,July     ,21,6,Saturday ,t,3
934,2018-07-22 00:00:00+05:30,2018,7,July     ,22,0,Sunday   ,t,3
935,2018-07-23 00:00:00+05:30,2018,7,July     ,23,1,Monday   ,f,3
936,2018-07-24 00:00:00+05:30,2018,7,July     ,24,2,Tuesday  ,f,3
937,2018-07-25 00:00:00+05:30,2018,7,July     ,25,3,Wednesday,f,3
938,2018-07-26 00:00:00+05:30,2018,7,July     ,26,4,Thursday ,f,3
939,2018-07-27 00:00:00+05:30,2018,7,July     ,27,5,Friday   ,f,3
940,2018-07-28 00:00:00+05:30,2018,7,July     ,28,6,Saturday ,t,3
941,2018-07-29 00:00:00+05:30,2018,7,July     ,29,0,Sunday   ,t,3
942,2018-07-30 00:00:00+05:30,2018,7,July     ,30,1,Monday   ,f,3
943,2018-07-31 00:00:00+05:30,2018,7,July     ,31,2,Tuesday  ,f,3
944,2018-08-01 00:00:00+05:30,2018,8,August   ,1,3,Wednesday,f,3
945,2018-08-02 00:00:00+05:30,2018,8,August   ,2,4,Thursday ,f,3
946,2018-08-03 00:00:00+05:30,2018,8,August   ,3,5,Friday   ,f,3
947,2018-08-04 00:00:00+05:30,2018,8,August   ,4,6,Saturday ,t,3
948,2018-08-05 00:00:00+05:30,2018,8,August   ,5,0,Sunday   ,t,3
949,2018-08-06 00:00:00+05:30,2018,8,August   ,6,1,Monday   ,f,3
950,2018-08-07 00:00:00+05:30,2018,8,August   ,7,2,Tuesday  ,f,3
951,2018-08-08 00:00:00+05:30,2018,8,August   ,8,3,Wednesday,f,3
952,2018-08-09 00:00:00+05:30,2018,8,August   ,9,4,Thursday ,f,3
953,2018-08-10 00:00:00+05:30,2018,8,August   ,10,5,Friday   ,f,3
954,2018-08-11 00:00:00+05:30,2018,8,August   ,11,6,Saturday ,t,3
955,2018-08-12 00:00:00+05:30,2018,8,August   ,12,0,Sunday   ,t,3
956,2018-08-13 00:00:00+05:30,2018,8,August   ,13,1,Monday   ,f,3
957,2018-08-14 00:00:00+05:30,2018,8,August   ,14,2,Tuesday  ,f,3
958,2018-08-15 00:00:00+05:30,2018,8,August   ,15,3,Wednesday,f,3
959,2018-08-16 00:00:00+05:30,2018,8,August   ,16,4,Thursday ,f,3
960,2018-08-17 00:00:00+05:30,2018,8,August   ,17,5,Friday   ,f,3
961,2018-08-18 00:00:00+05:30,2018,8,August   ,18,6,Saturday ,t,3
962,2018-08-19 00:00:00+05:30,2018,8,August   ,19,0,Sunday   ,t,3
963,2018-08-20 00:00:00+05:30,2018,8,August   ,20,1,Monday   ,f,3
964,2018-08-21 00:00:00+05:30,2018,8,August   ,21,2,Tuesday  ,f,3
965,2018-08-22 00:00:00+05:30,2018,8,August   ,22,3,Wednesday,f,3
966,2018-08-23 00:00:00+05:30,2018,8,August   ,23,4,Thursday ,f,3
967,2018-08-24 00:00:00+05:30,2018,8,August   ,24,5,Friday   ,f,3
968,2018-08-25 00:00:00+05:30,2018,8,August   ,25,6,Saturday ,t,3
969,2018-08-26 00:00:00+05:30,2018,8,August   ,26,0,Sunday   ,t,3
970,2018-08-27 00:00:00+05:30,2018,8,August   ,27,1,Monday   ,f,3
971,2018-08-28 00:00:00+05:30,2018,8,August   ,28,2,Tuesday  ,f,3
972,2018-08-29 00:00:00+05:30,2018,8,August   ,29,3,Wednesday,f,3
973,2018-08-30 00:00:00+05:30,2018,8,August   ,30,4,Thursday ,f,3
974,2018-08-31 00:00:00+05:30,2018,8,August   ,31,5,Friday   ,f,3
975,2018-09-01 00:00:00+05:30,2018,9,September,1,6,Saturday ,t,3
976,2018-09-02 00:00:00+05:30,2018,9,September,2,0,Sunday   ,t,3
977,2018-09-03 00:00:00+05:30,2018,9,September,3,1,Monday   ,f,3
978,2018-09-04 00:00:00+05:30,2018,9,September,4,2,Tuesday  ,f,3
979,2018-09-05 00:00:00+05:30,2018,9,September,5,3,Wednesday,f,3
980,2018-09-06 00:00:00+05:30,2018,9,September,6,4,Thursday ,f,3
981,2018-09-07 00:00:00+05:30,2018,9,September,7,5,Friday   ,f,3
982,2018-09-08 00:00:00+05:30,2018,9,September,8,6,Saturday ,t,3
983,2018-09-09 00:00:00+05:30,2018,9,September,9,0,Sunday   ,t,3
984,2018-09-10 00:00:00+05:30,2018,9,September,10,1,Monday   ,f,3
985,2018-09-11 00:00:00+05:30,2018,9,September,11,2,Tuesday  ,f,3
986,2018-09-12 00:00:00+05:30,2018,9,September,12,3,Wednesday,f,3
987,2018-09-13 00:00:00+05:30,2018,9,September,13,4,Thursday ,f,3
988,2018-09-14 00:00:00+05:30,2018,9,September,14,5,Friday   ,f,3
989,2018-09-15 00:00:00+05:30,2018,9,September,15,6,Saturday ,t,3
990,2018-09-16 00:00:00+05:30,2018,9,September,16,0,Sunday   ,t,3
991,2018-09-17 00:00:00+05:30,2018,9,September,17,1,Monday   ,f,3
992,2018-09-18 00:00:00+05:30,2018,9,September,18,2,Tuesday  ,f,3
993,2018-09-19 00:00:00+05:30,2018,9,September,19,3,Wednesday,f,3
994,2018-09-20 00:00:00+05:30,2018,9,September,20,4,Thursday ,f,3
995,2018-09-21 00:00:00+05:30,2018,9,September,21,5,Friday   ,f,3
996,2018-09-22 00:00:00+05:30,2018,9,September,22,6,Saturday ,t,3
997,2018-09-23 00:00:00+05:30,2018,9,September,23,0,Sunday   ,t,3
998,2018-09-24 00:00:00+05:30,2018,9,September,24,1,Monday   ,f,3
999,2018-09-25 00:00:00+05:30,2018,9,September,25,2,Tuesday  ,f,3
1000,2018-09-26 00:00:00+05:30,2018,9,September,26,3,Wednesday,f,3
1001,2018-09-27 00:00:00+05:30,2018,9,September,27,4,Thursday ,f,3
1002,2018-09-28 00:00:00+05:30,2018,9,September,28,5,Friday   ,f,3
1003,2018-09-29 00:00:00+05:30,2018,9,September,29,6,Saturday ,t,3
1004,2018-09-30 00:00:00+05:30,2018,9,September,30,0,Sunday   ,t,3
1005,2018-10-01 00:00:00+05:30,2018,10,October  ,1,1,Monday   ,f,4
1006,2018-10-02 00:00:00+05:30,2018,10,October  ,2,2,Tuesday  ,f,4
1007,2018-10-03 00:00:00+05:30,2018,10,October  ,3,3,Wednesday,f,4
1008,2018-10-04 00:00:00+05:30,2018,10,October  ,4,4,Thursday ,f,4
1009,2018-10-05 00:00:00+05:30,2018,10,October  ,5,5,Friday   ,f,4
1010,2018-10-06 00:00:00+05:30,2018,10,October  ,6,6,Saturday ,t,4
1011,2018-10-07 00:00:00+05:30,2018,10,October  ,7,0,Sunday   ,t,4
1012,2018-10-08 00:00:00+05:30,2018,10,October  ,8,1,Monday   ,f,4
1013,2018-10-09 00:00:00+05:30,2018,10,October  ,9,2,Tuesday  ,f,4
1014,2018-10-10 00:00:00+05:30,2018,10,October  ,10,3,Wednesday,f,4
1015,2018-10-11 00:00:00+05:30,2018,10,October  ,11,4,Thursday ,f,4
1016,2018-10-12 00:00:00+05:30,2018,10,October  ,12,5,Friday   ,f,4
1017,2018-10-13 00:00:00+05:30,2018,10,October  ,13,6,Saturday ,t,4
1018,2018-10-14 00:00:00+05:30,2018,10,October  ,14,0,Sunday   ,t,4
1019,2018-10-15 00:00:00+05:30,2018,10,October  ,15,1,Monday   ,f,4
1020,2018-10-16 00:00:00+05:30,2018,10,October  ,16,2,Tuesday  ,f,4
1021,2018-10-17 00:00:00+05:30,2018,10,October  ,17,3,Wednesday,f,4
1022,2018-10-18 00:00:00+05:30,2018,10,October  ,18,4,Thursday ,f,4
1023,2018-10-19 00:00:00+05:30,2018,10,October  ,19,5,Friday   ,f,4
1024,2018-10-20 00:00:00+05:30,2018,10,October  ,20,6,Saturday ,t,4
1025,2018-10-21 00:00:00+05:30,2018,10,October  ,21,0,Sunday   ,t,4
1026,2018-10-22 00:00:00+05:30,2018,10,October  ,22,1,Monday   ,f,4
1027,2018-10-23 00:00:00+05:30,2018,10,October  ,23,2,Tuesday  ,f,4
1028,2018-10-24 00:00:00+05:30,2018,10,October  ,24,3,Wednesday,f,4
1029,2018-10-25 00:00:00+05:30,2018,10,October  ,25,4,Thursday ,f,4
1030,2018-10-26 00:00:00+05:30,2018,10,October  ,26,5,Friday   ,f,4
1031,2018-10-27 00:00:00+05:30,2018,10,October  ,27,6,Saturday ,t,4
1032,2018-10-28 00:00:00+05:30,2018,10,October  ,28,0,Sunday   ,t,4
1033,2018-10-29 00:00:00+05:30,2018,10,October  ,29,1,Monday   ,f,4
1034,2018-10-30 00:00:00+05:30,2018,10,October  ,30,2,Tuesday  ,f,4
1035,2018-10-31 00:00:00+05:30,2018,10,October  ,31,3,Wednesday,f,4
1036,2018-11-01 00:00:00+05:30,2018,11,November ,1,4,Thursday ,f,4
1037,2018-11-02 00:00:00+05:30,2018,11,November ,2,5,Friday   ,f,4
1038,2018-11-03 00:00:00+05:30,2018,11,November ,3,6,Saturday ,t,4
1039,2018-11-04 00:00:00+05:30,2018,11,November ,4,0,Sunday   ,t,4
1040,2018-11-05 00:00:00+05:30,2018,11,November ,5,1,Monday   ,f,4
1041,2018-11-06 00:00:00+05:30,2018,11,November ,6,2,Tuesday  ,f,4
1042,2018-11-07 00:00:00+05:30,2018,11,November ,7,3,Wednesday,f,4
1043,2018-11-08 00:00:00+05:30,2018,11,November ,8,4,Thursday ,f,4
1044,2018-11-09 00:00:00+05:30,2018,11,November ,9,5,Friday   ,f,4
1045,2018-11-10 00:00:00+05:30,2018,11,November ,10,6,Saturday ,t,4
1046,2018-11-11 00:00:00+05:30,2018,11,November ,11,0,Sunday   ,t,4
1047,2018-11-12 00:00:00+05:30,2018,11,November ,12,1,Monday   ,f,4
1048,2018-11-13 00:00:00+05:30,2018,11,November ,13,2,Tuesday  ,f,4
1049,2018-11-14 00:00:00+05:30,2018,11,November ,14,3,Wednesday,f,4
1050,2018-11-15 00:00:00+05:30,2018,11,November ,15,4,Thursday ,f,4
1051,2018-11-16 00:00:00+05:30,2018,11,November ,16,5,Friday   ,f,4
1052,2018-11-17 00:00:00+05:30,2018,11,November ,17,6,Saturday ,t,4
1053,2018-11-18 00:00:00+05:30,2018,11,November ,18,0,Sunday   ,t,4
1054,2018-11-19 00:00:00+05:30,2018,11,November ,19,1,Monday   ,f,4
1055,2018-11-20 00:00:00+05:30,2018,11,November ,20,2,Tuesday  ,f,4
1056,2018-11-21 00:00:00+05:30,2018,11,November ,21,3,Wednesday,f,4
1057,2018-11-22 00:00:00+05:30,2018,11,November ,22,4,Thursday ,f,4
1058,2018-11-23 00:00:00+05:30,2018,11,November ,23,5,Friday   ,f,4
1059,2018-11-24 00:00:00+05:30,2018,11,November ,24,6,Saturday ,t,4
1060,2018-11-25 00:00:00+05:30,2018,11,November ,25,0,Sunday   ,t,4
1061,2018-11-26 00:00:00+05:30,2018,11,November ,26,1,Monday   ,f,4
1062,2018-11-27 00:00:00+05:30,2018,11,November ,27,2,Tuesday  ,f,4
1063,2018-11-28 00:00:00+05:30,2018,11,November ,28,3,Wednesday,f,4
1064,2018-11-29 00:00:00+05:30,2018,11,November ,29,4,Thursday ,f,4
1065,2018-11-30 00:00:00+05:30,2018,11,November ,30,5,Friday   ,f,4
1066,2018-12-01 00:00:00+05:30,2018,12,December ,1,6,Saturday ,t,4
1067,2018-12-02 00:00:00+05:30,2018,12,December ,2,0,Sunday   ,t,4
1068,2018-12-03 00:00:00+05:30,2018,12,December ,3,1,Monday   ,f,4
1069,2018-12-04 00:00:00+05:30,2018,12,December ,4,2,Tuesday  ,f,4
1070,2018-12-05 00:00:00+05:30,2018,12,December ,5,3,Wednesday,f,4
1071,2018-12-06 00:00:00+05:30,2018,12,December ,6,4,Thursday ,f,4
1072,2018-12-07 00:00:00+05:30,2018,12,December ,7,5,Friday   ,f,4
1073,2018-12-08 00:00:00+05:30,2018,12,December ,8,6,Saturday ,t,4
1074,2018-12-09 00:00:00+05:30,2018,12,December ,9,0,Sunday   ,t,4
1075,2018-12-10 00:00:00+05:30,2018,12,December ,10,1,Monday   ,f,4
1076,2018-12-11 00:00:00+05:30,2018,12,December ,11,2,Tuesday  ,f,4
1077,2018-12-12 00:00:00+05:30,2018,12,December ,12,3,Wednesday,f,4
1078,2018-12-13 00:00:00+05:30,2018,12,December ,13,4,Thursday ,f,4
1079,2018-12-14 00:00:00+05:30,2018,12,December ,14,5,Friday   ,f,4
1080,2018-12-15 00:00:00+05:30,2018,12,December ,15,6,Saturday ,t,4
1081,2018-12-16 00:00:00+05:30,2018,12,December ,16,0,Sunday   ,t,4
1082,2018-12-17 00:00:00+05:30,2018,12,December ,17,1,Monday   ,f,4
1083,2018-12-18 00:00:00+05:30,2018,12,December ,18,2,Tuesday  ,f,4
1084,2018-12-19 00:00:00+05:30,2018,12,December ,19,3,Wednesday,f,4
1085,2018-12-20 00:00:00+05:30,2018,12,December ,20,4,Thursday ,f,4
1086,2018-12-21 00:00:00+05:30,2018,12,December ,21,5,Friday   ,f,4
1087,2018-12-22 00:00:00+05:30,2018,12,December ,22,6,Saturday ,t,4
1088,2018-12-23 00:00:00+05:30,2018,12,December ,23,0,Sunday   ,t,4
1089,2018-12-24 00:00:00+05:30,2018,12,December ,24,1,Monday   ,f,4
1090,2018-12-25 00:00:00+05:30,2018,12,December ,25,2,Tuesday  ,f,4
1091,2018-12-26 00:00:00+05:30,2018,12,December ,26,3,Wednesday,f,4
1092,2018-12-27 00:00:00+05:30,2018,12,December ,27,4,Thursday ,f,4
1093,2018-12-28 00:00:00+05:30,2018,12,December ,28,5,Friday   ,f,4
1094,2018-12-29 00:00:00+05:30,2018,12,December ,29,6,Saturday ,t,4
1095,2018-12-30 00:00:00+05:30,2018,12,December ,30,0,Sunday   ,t,4
1096,2018-12-31 00:00:00+05:30,2018,12,December ,31,1,Monday   ,f,4
